221.0,232.0,240.0,244.0,245.0,246.0,249.0,254.0,261.0,272.0,281.0,285.0,299.0,301.0,301.0,305.0,311.0,312.0,306.0,301.0,297.0,292.0,290.0,277.0,245.0,242.0,239.0,235.0,231.0,226.0,1
55.0,62.0,70.0,79.0,89.0,100.0,112.0,121.0,131.0,141.0,151.0,158.0,174.0,186.0,196.0,202.0,200.0,197.0,186.0,180.0,176.0,168.0,160.0,159.0,144.0,139.0,138.0,138.0,139.0,139.0,1
214.0,213.0,211.0,210.0,205.0,200.0,195.0,195.0,204.0,205.0,202.0,201.0,188.0,172.0,159.0,143.0,127.0,110.0,90.0,83.0,80.0,79.0,78.0,78.0,79.0,79.0,81.0,82.0,84.0,86.0,1
226.0,224.0,228.0,222.0,214.0,206.0,199.0,194.0,190.0,184.0,176.0,169.0,161.0,149.0,131.0,123.0,118.0,121.0,124.0,126.0,130.0,135.0,139.0,141.0,143.0,148.0,149.0,148.0,153.0,155.0,1
188.0,181.0,176.0,174.0,172.0,170.0,170.0,170.0,168.0,166.0,163.0,161.0,162.0,163.0,160.0,156.0,150.0,146.0,139.0,131.0,120.0,112.0,107.0,105.0,100.0,99.0,100.0,101.0,100.0,95.0,1
119.0,127.0,136.0,143.0,151.0,160.0,173.0,183.0,189.0,192.0,188.0,181.0,181.0,184.0,185.0,182.0,162.0,149.0,142.0,134.0,136.0,150.0,159.0,165.0,175.0,171.0,179.0,188.0,190.0,189.0,1
256.0,258.0,260.0,258.0,254.0,252.0,246.0,241.0,236.0,228.0,221.0,213.0,207.0,194.0,179.0,163.0,146.0,131.0,113.0,102.0,99.0,99.0,98.0,99.0,97.0,91.0,91.0,90.0,91.0,92.0,1
307.0,301.0,289.0,285.0,274.0,266.0,259.0,255.0,242.0,230.0,221.0,210.0,200.0,191.0,181.0,160.0,152.0,150.0,152.0,153.0,155.0,157.0,162.0,160.0,153.0,149.0,142.0,136.0,132.0,129.0,1
137.0,136.0,134.0,131.0,129.0,127.0,123.0,121.0,120.0,121.0,126.0,128.0,128.0,130.0,134.0,139.0,143.0,141.0,135.0,124.0,102.0,94.0,92.0,92.0,94.0,96.0,97.0,97.0,98.0,95.0,1
193.0,190.0,193.0,200.0,203.0,203.0,205.0,197.0,196.0,202.0,199.0,193.0,190.0,182.0,171.0,161.0,144.0,127.0,118.0,115.0,117.0,119.0,120.0,121.0,120.0,118.0,118.0,119.0,120.0,121.0,1
86.0,95.0,105.0,110.0,121.0,133.0,145.0,156.0,165.0,173.0,183.0,196.0,210.0,223.0,236.0,252.0,261.0,262.0,274.0,287.0,313.0,329.0,334.0,336.0,336.0,331.0,329.0,332.0,329.0,325.0,1
329.0,328.0,312.0,308.0,299.0,276.0,268.0,268.0,267.0,274.0,273.0,271.0,270.0,255.0,240.0,225.0,211.0,203.0,196.0,175.0,153.0,147.0,148.0,146.0,141.0,135.0,131.0,125.0,120.0,117.0,1
179.0,178.0,173.0,168.0,166.0,165.0,166.0,169.0,168.0,171.0,174.0,172.0,170.0,171.0,175.0,182.0,190.0,199.0,199.0,198.0,186.0,174.0,160.0,157.0,147.0,139.0,128.0,118.0,112.0,106.0,1
190.0,206.0,213.0,216.0,220.0,207.0,199.0,193.0,190.0,190.0,191.0,185.0,182.0,189.0,191.0,183.0,175.0,154.0,145.0,142.0,146.0,152.0,155.0,156.0,142.0,138.0,140.0,141.0,142.0,142.0,1
192.0,185.0,181.0,180.0,185.0,196.0,208.0,213.0,221.0,224.0,220.0,218.0,205.0,193.0,190.0,174.0,153.0,131.0,112.0,104.0,101.0,102.0,103.0,106.0,110.0,119.0,120.0,121.0,119.0,120.0,1
207.0,213.0,211.0,201.0,187.0,178.0,171.0,164.0,155.0,143.0,134.0,129.0,123.0,107.0,94.0,86.0,83.0,87.0,94.0,100.0,105.0,110.0,116.0,117.0,111.0,106.0,103.0,106.0,113.0,120.0,1
157.0,164.0,167.0,168.0,170.0,171.0,173.0,178.0,186.0,195.0,213.0,221.0,225.0,232.0,231.0,235.0,241.0,241.0,243.0,244.0,243.0,243.0,243.0,243.0,252.0,256.0,259.0,261.0,264.0,266.0,1
290.0,296.0,293.0,292.0,283.0,279.0,267.0,265.0,253.0,244.0,234.0,223.0,213.0,201.0,194.0,179.0,156.0,143.0,140.0,138.0,140.0,143.0,151.0,153.0,147.0,136.0,132.0,130.0,127.0,126.0,1
210.0,227.0,240.0,247.0,251.0,242.0,239.0,236.0,234.0,232.0,229.0,215.0,199.0,197.0,180.0,167.0,146.0,130.0,120.0,113.0,112.0,113.0,119.0,120.0,120.0,122.0,126.0,127.0,127.0,127.0,1
213.0,217.0,225.0,221.0,204.0,193.0,181.0,165.0,160.0,161.0,161.0,157.0,158.0,146.0,132.0,126.0,125.0,125.0,127.0,123.0,119.0,121.0,122.0,148.0,154.0,159.0,156.0,156.0,155.0,156.0,1
275.0,277.0,279.0,280.0,280.0,276.0,273.0,267.0,263.0,265.0,271.0,277.0,278.0,277.0,274.0,273.0,282.0,297.0,313.0,328.0,332.0,330.0,327.0,307.0,237.5,235.5,230.0,223.5,221.5,232.0,1
297.0,313.0,328.0,332.0,330.0,327.0,307.0,232.0,233.0,237.0,243.5,247.0,244.0,239.5,236.5,239.5,247.5,257.5,266.0,308.0,306.0,306.0,309.0,314.0,321.0,312.0,304.0,291.0,288.0,308.0,1
208.0,208.0,208.0,207.0,205.0,201.0,197.0,197.0,203.0,209.0,216.0,217.0,210.0,202.0,199.0,206.0,213.0,218.0,219.0,204.0,198.0,198.0,193.0,185.0,176.0,179.0,186.0,195.0,207.0,212.0,1
227.0,225.0,214.0,200.0,190.0,194.0,196.0,216.0,228.0,237.0,240.0,238.0,231.0,213.0,203.0,200.0,182.0,178.0,176.0,173.0,178.0,180.0,182.0,189.0,191.0,186.0,186.0,186.0,181.0,180.0,1
222.0,224.0,226.0,230.0,233.0,234.0,239.0,229.0,221.0,215.0,208.0,204.0,197.0,192.0,186.0,179.0,170.0,161.0,147.0,134.0,130.0,130.0,133.0,137.0,138.0,136.0,129.0,125.0,133.0,153.0,1
237.0,226.0,225.0,230.0,233.0,236.0,234.0,229.0,217.0,213.0,213.0,215.0,199.0,182.0,164.0,148.0,134.0,111.0,86.0,77.0,74.0,74.0,75.0,77.0,79.0,85.0,89.0,92.0,97.0,89.0,1
221.0,226.0,229.0,235.0,231.0,227.0,240.0,253.0,264.0,267.0,264.0,259.0,264.0,267.0,275.0,283.0,288.0,296.0,309.0,317.0,322.0,329.0,337.0,326.0,298.0,302.0,309.0,312.0,300.0,296.0,1
302.0,309.0,312.0,300.0,296.0,284.0,280.0,283.0,287.0,292.0,285.0,286.0,289.0,288.0,286.0,290.0,298.0,304.0,300.0,292.0,285.0,278.0,271.0,268.0,312.0,315.5,320.25,322.25,313.5,311.0,1
312.0,300.0,296.0,284.0,280.0,283.0,287.0,292.0,285.0,286.0,289.0,288.0,286.0,290.0,298.0,304.0,300.0,292.0,285.0,278.0,271.0,268.0,280.0,284.6666666666667,326.0,329.0,331.5,332.5,327.0,326.0,1
292.0,285.0,278.0,271.0,268.0,249.5,250.0,249.5,246.0,243.0,239.0,235.0,232.5,235.0,238.0,246.0,249.0,252.0,256.5,266.0,271.5,277.0,289.0,301.3333333333333,340.0,342.5,342.75,342.75,340.5,341.0,1
220.0,218.0,219.0,217.0,215.0,216.0,213.0,207.0,207.0,200.0,189.0,182.0,179.0,180.0,178.0,188.0,198.0,212.0,228.0,254.0,272.0,286.0,298.0,318.0,354.0,356.0,354.0,353.0,354.0,356.0,1
198.0,212.0,228.0,254.0,272.0,286.0,298.0,318.0,354.0,356.0,354.0,353.0,354.0,356.0,352.0,369.0,379.0,388.0,400.0,400.0,400.0,400.0,400.0,400.0,387.0,376.0,356.0,351.0,354.0,356.0,1
221.0,211.0,200.0,185.0,169.0,154.0,135.0,113.0,93.0,87.0,89.0,97.0,100.0,96.0,78.0,67.0,69.0,74.0,83.0,92.0,98.0,98.0,99.0,99.0,100.0,101.0,103.0,104.0,103.0,102.0,1
252.0,240.0,236.0,223.0,212.0,204.0,191.0,179.0,165.0,155.0,148.0,139.0,130.0,125.0,113.0,99.0,89.0,83.0,80.0,84.0,111.0,128.0,135.0,134.0,130.0,121.0,117.0,115.0,112.0,111.0,1
144.0,147.0,147.0,149.0,152.0,156.0,162.0,165.0,166.0,166.0,165.0,165.0,168.0,171.0,173.0,174.0,176.0,177.0,181.0,185.0,192.0,196.0,198.0,198.0,191.0,190.0,191.0,190.0,191.0,194.0,1
240.0,240.0,236.0,230.0,224.0,218.0,214.0,209.0,198.0,189.0,179.0,170.0,159.0,148.0,137.0,121.0,108.0,100.0,98.0,109.0,123.0,128.0,129.0,129.0,128.0,127.0,127.0,127.0,128.0,126.0,1
169.0,176.0,185.0,193.0,200.0,209.0,224.0,234.0,243.0,245.0,244.0,239.0,225.0,210.0,202.0,195.0,195.0,182.0,155.0,138.0,132.0,130.0,130.0,129.0,126.0,126.0,128.0,130.0,134.0,135.0,1
299.0,289.0,280.0,270.0,259.0,250.0,241.0,232.0,222.0,213.0,203.0,196.0,193.0,186.0,175.0,155.0,141.0,133.0,130.0,139.0,151.0,160.0,166.0,166.0,162.0,153.0,150.0,149.0,147.0,144.0,1
77.0,70.0,64.0,60.0,61.0,65.0,69.0,73.0,79.0,89.0,98.0,113.0,126.0,138.0,152.0,171.0,180.0,181.0,179.0,175.0,174.0,176.0,179.0,190.0,193.0,192.0,191.0,192.0,191.0,193.0,1
179.0,181.0,182.0,183.0,183.0,189.0,198.0,204.0,215.0,222.0,230.0,236.0,243.0,253.0,260.0,273.0,283.0,292.0,303.0,310.0,316.0,325.0,335.0,341.0,343.0,345.0,347.0,347.0,349.0,351.0,1
260.0,273.0,283.0,292.0,303.0,310.0,316.0,325.0,335.0,341.0,343.0,345.0,347.0,347.0,349.0,351.0,349.0,348.0,345.0,335.0,324.0,310.0,294.0,284.0,275.0,269.0,261.0,245.0,232.0,216.0,1
231.0,241.0,245.0,246.0,248.0,252.0,254.0,254.0,254.0,249.0,243.0,242.0,232.0,221.0,213.0,192.0,176.0,171.0,170.0,172.0,174.0,176.0,177.0,171.0,157.0,155.0,157.0,159.0,159.0,159.0,1
195.0,187.0,177.0,170.0,168.0,168.0,169.0,171.0,171.0,168.0,166.0,169.0,174.0,177.0,177.0,174.0,162.0,154.0,150.0,147.0,147.0,148.0,149.0,150.0,150.0,150.0,150.0,150.0,149.0,147.0,1
232.0,237.0,248.0,257.0,263.0,269.0,274.0,271.0,269.0,266.0,258.0,249.0,238.0,227.0,212.0,200.0,176.0,150.0,140.0,137.0,137.0,136.0,134.0,132.0,127.0,126.0,124.0,123.0,123.0,123.0,1
277.0,275.0,273.0,269.0,262.0,261.0,257.0,254.0,253.0,245.0,237.0,228.0,219.0,213.0,202.0,187.0,170.0,162.0,159.0,164.0,172.0,178.0,181.0,180.0,175.0,173.0,170.0,168.0,165.0,162.0,1
185.0,186.0,188.0,189.0,190.0,190.0,191.0,190.0,189.0,188.0,187.0,186.0,185.0,185.0,185.0,184.0,183.0,179.0,176.0,176.0,180.0,186.0,199.0,206.0,213.0,213.0,211.0,207.0,200.0,195.0,1
220.0,227.0,232.0,229.0,225.0,218.0,212.0,205.0,202.0,199.0,195.0,189.0,180.0,170.0,157.0,144.0,130.0,117.0,107.0,102.0,99.0,100.0,102.0,103.0,103.0,102.0,100.0,99.0,99.0,100.0,1
228.0,231.0,222.0,216.0,215.0,215.0,213.0,212.0,211.0,206.0,207.0,199.0,186.0,172.0,160.0,145.0,123.0,102.0,95.0,94.0,94.0,93.0,92.0,89.0,96.0,94.0,94.0,94.0,95.0,94.0,1
150.0,162.0,174.0,180.0,178.0,184.0,185.0,194.0,193.0,186.0,182.0,174.0,172.0,167.0,166.0,164.0,165.0,166.0,167.0,164.0,159.0,160.0,158.0,158.0,153.0,154.0,151.0,150.0,149.0,150.0,1
109.5,93.0,92.0,86.0,84.0,80.0,87.0,98.0,105.0,113.0,123.0,125.0,129.0,115.0,101.0,90.0,73.0,61.0,53.0,48.0,46.0,46.0,41.0,41.0,52.0,51.0,60.0,69.0,80.0,89.0,1
69.0,80.0,89.0,98.0,100.0,111.0,123.0,139.0,160.0,178.0,186.0,185.0,186.0,191.0,201.0,228.0,242.0,263.0,277.0,284.0,287.0,288.0,289.0,279.0,260.0,262.0,259.0,250.0,245.0,250.0,1
177.0,194.0,200.0,201.0,189.0,162.0,166.0,173.0,176.0,169.0,167.0,166.0,168.0,180.0,182.0,178.0,171.0,160.0,145.0,138.0,132.0,120.0,127.0,129.0,132.0,123.0,104.0,100.0,107.0,106.0,1
168.0,180.0,182.0,178.0,171.0,160.0,145.0,138.0,132.0,120.0,127.0,129.0,132.0,123.0,104.0,100.0,107.0,106.0,123.0,128.0,137.0,147.0,145.0,142.0,153.25,146.25,137.66666666666666,134.33333333333334,140.0,131.75,1
107.0,106.0,123.0,128.0,137.0,147.0,145.0,142.0,149.33333333333334,140.0,143.66666666666666,148.0,152.66666666666666,150.33333333333334,138.33333333333334,140.0,138.0,135.33333333333334,147.33333333333334,151.33333333333334,158.0,165.0,167.0,166.33333333333334,174.5,169.5,171.33333333333331,168.66666666666669,173.0,157.5,1
157.5,160.5,167.5,167.0,170.0,171.5,167.5,161.0,166.66666666666666,160.0,160.33333333333334,167.0,173.33333333333334,177.66666666666666,172.66666666666669,180.0,169.0,164.66666666666666,171.66666666666666,174.66666666666666,179.0,183.0,189.0,190.66666666666666,195.75,192.75,205.0,203.0,206.0,183.25,1
208.0,215.0,212.0,206.0,203.0,196.0,190.0,180.0,184.0,180.0,177.0,186.0,194.0,205.0,207.0,220.0,200.0,194.0,196.0,198.0,200.0,201.0,211.0,215.0,217.0,216.0,221.0,221.0,219.0,209.0,1
202.0,197.0,191.0,185.0,197.0,206.0,209.0,207.0,174.0,168.0,168.0,142.0,136.0,135.0,136.0,147.0,148.0,137.0,137.0,144.0,141.0,135.0,133.0,126.0,110.0,104.0,74.0,62.0,58.0,57.0,1
69.0,72.0,70.0,75.0,84.0,90.0,92.0,86.0,80.0,80.0,92.0,100.0,108.0,113.0,115.0,114.0,111.0,107.0,116.0,126.0,141.0,150.0,144.0,140.0,131.0,126.0,95.0,79.0,75.0,75.0,1
106.0,114.0,136.0,155.0,163.0,169.0,162.0,158.0,153.0,146.0,140.0,127.0,116.0,110.0,106.0,108.0,115.0,121.0,128.0,132.0,133.0,126.0,100.0,82.0,70.0,65.0,60.0,59.0,59.0,61.0,1
242.0,232.0,227.0,226.0,232.0,234.0,236.0,249.0,252.0,221.0,201.0,198.0,169.0,164.0,167.0,172.0,177.0,165.0,154.0,151.0,150.0,146.0,148.0,156.0,159.0,162.0,158.0,154.0,150.0,149.0,1
159.0,152.5,159.0,162.0,166.0,168.0,169.0,167.0,164.0,163.0,164.0,168.0,166.0,160.0,157.0,161.0,168.0,182.0,196.0,202.0,204.0,200.0,196.0,196.0,194.0,193.0,193.0,192.0,192.0,184.0,1
76.0,73.0,75.0,79.0,86.0,95.0,106.0,118.0,132.0,143.0,150.0,154.0,155.0,157.0,162.0,164.0,167.0,165.0,161.0,166.0,167.0,170.0,176.0,183.0,191.0,195.0,211.0,222.0,227.0,228.0,1
225.0,234.0,84.0,74.0,66.5,257.0,266.0,278.0,291.0,296.0,294.0,291.0,282.0,272.0,254.0,239.0,226.0,212.0,204.0,195.0,175.0,170.0,148.0,141.0,120.0,119.0,114.0,93.0,69.0,47.0,1
119.0,114.0,93.0,69.0,47.0,40.0,40.0,40.0,43.0,55.0,67.0,82.0,99.0,117.0,136.0,160.0,192.0,258.0,280.0,303.0,324.0,347.0,356.0,363.0,360.0,365.0,365.0,366.0,370.0,369.0,1
379.0,379.0,383.0,386.0,381.0,380.0,367.0,353.0,349.0,348.0,347.0,346.0,344.0,338.0,332.0,333.0,330.0,328.0,317.0,309.0,294.0,291.0,293.0,290.0,278.0,260.0,225.0,213.0,201.0,195.0,1
348.0,347.0,346.0,344.0,338.0,332.0,333.0,330.0,328.0,317.0,309.0,294.0,291.0,293.0,290.0,278.0,260.0,225.0,213.0,201.0,195.0,153.0,130.0,107.0,98.0,96.0,100.0,97.0,106.0,114.0,1
332.0,333.0,330.0,328.0,317.0,309.0,294.0,291.0,293.0,290.0,278.0,260.0,225.0,213.0,201.0,195.0,153.0,130.0,107.0,98.0,96.0,100.0,97.0,106.0,114.0,119.0,126.0,129.0,134.0,138.0,1
167.0,173.0,184.0,193.0,202.0,211.0,218.0,222.0,223.0,220.0,214.0,211.0,213.0,220.0,227.0,232.0,220.0,211.0,206.0,200.0,190.0,168.0,142.0,131.0,126.0,124.0,126.0,129.0,135.0,138.0,1
213.0,212.0,211.0,214.0,216.0,215.0,209.0,182.5,180.5,190.0,185.0,175.0,157.0,149.0,145.0,147.0,155.0,164.0,165.0,154.0,146.0,142.0,137.0,123.0,117.0,104.0,100.0,101.0,103.0,108.0,1
80.0,86.0,93.0,96.0,112.0,127.0,139.0,143.0,138.0,139.0,142.0,154.0,169.0,183.0,198.0,213.0,214.0,215.0,198.0,180.0,154.0,142.0,138.0,133.0,133.0,129.0,134.0,145.0,146.0,162.0,1
200.0,206.0,207.0,218.0,229.0,240.0,255.0,270.0,274.0,270.0,263.0,263.0,276.0,285.0,291.0,301.0,306.0,308.0,323.0,339.0,343.0,340.0,338.0,339.0,345.0,370.0,375.0,376.0,378.0,374.0,1
200.0,206.0,207.0,218.0,229.0,240.0,255.0,270.0,274.0,270.0,263.0,263.0,276.0,285.0,291.0,301.0,306.0,308.0,323.0,339.0,343.0,340.0,338.0,339.0,345.0,370.0,375.0,376.0,378.0,374.0,1
285.0,291.0,301.0,306.0,308.0,323.0,339.0,343.0,340.0,338.0,339.0,345.0,370.0,375.0,376.0,378.0,374.0,371.0,372.0,362.0,347.0,335.0,312.0,284.0,275.0,239.0,206.0,173.0,149.0,135.0,1
339.0,343.0,340.0,338.0,339.0,345.0,370.0,375.0,376.0,378.0,374.0,371.0,372.0,362.0,347.0,335.0,312.0,284.0,275.0,239.0,206.0,173.0,149.0,135.0,117.0,101.0,96.0,96.0,101.0,103.0,1
179.0,173.0,166.0,163.0,160.0,154.0,151.0,147.0,143.0,142.0,145.0,140.0,140.0,140.0,136.0,131.0,125.0,122.0,125.0,125.0,117.0,111.0,99.0,95.0,93.0,91.0,89.0,90.0,93.0,95.0,1
91.0,89.0,90.0,93.0,95.0,99.0,104.0,116.0,133.0,145.0,150.0,155.0,162.0,163.0,161.0,150.0,137.0,126.0,110.0,89.0,72.0,65.0,63.0,71.0,80.0,87.0,72.5,71.0,75.5,79.0,1
57.0,55.0,65.0,74.0,79.0,89.0,100.0,107.0,118.0,133.0,144.0,154.0,166.0,181.0,188.0,190.0,193.0,195.0,185.0,177.0,167.0,143.0,123.0,105.0,79.0,63.0,56.0,52.0,58.0,63.0,1
105.0,114.0,120.0,124.0,129.0,135.0,140.0,147.0,156.0,162.0,170.0,174.0,182.0,197.0,217.0,231.0,238.0,243.0,249.0,256.0,262.0,266.0,270.0,276.0,276.0,266.0,250.0,239.0,207.0,181.0,1
190.0,195.0,201.0,211.0,224.0,227.0,226.0,221.0,229.0,238.0,240.0,256.0,264.0,269.0,278.0,299.0,317.0,329.0,336.0,331.0,317.0,301.0,281.0,268.0,260.0,255.0,242.0,228.0,215.0,187.0,1
179.0,187.0,193.0,199.0,208.0,220.0,228.0,230.0,230.0,226.0,217.0,221.0,230.0,244.0,230.0,205.0,216.0,232.0,242.0,254.0,261.0,258.0,246.0,214.0,200.0,196.0,197.0,202.0,203.0,203.0,1
229.0,234.0,239.0,243.0,243.0,241.0,239.0,239.0,242.0,244.0,245.0,242.0,237.0,230.0,232.0,242.0,259.0,268.0,271.0,263.0,258.0,251.0,248.0,245.0,236.0,234.0,215.0,209.0,207.0,197.0,1
98.0,103.0,103.0,112.0,116.0,120.0,121.0,121.0,123.0,128.0,133.0,137.0,143.0,149.0,155.0,163.0,167.0,183.0,196.0,202.0,203.0,209.0,218.0,221.0,208.33333333333334,207.66666666666666,195.33333333333334,189.33333333333334,185.66666666666666,176.66666666666666,1
105.5,106.0,105.5,109.5,111.0,111.0,108.5,106.5,107.0,111.5,116.0,122.5,129.5,137.0,145.5,155.0,162.5,149.0,151.0,163.0,171.0,174.0,184.0,185.5,180.66666666666666,181.33333333333334,175.66666666666666,169.66666666666666,164.33333333333334,156.33333333333334,1
113.0,109.0,108.0,107.0,106.0,102.0,96.0,92.0,91.0,95.0,99.0,108.0,116.0,125.0,136.0,147.0,158.0,168.0,177.0,174.0,167.0,154.0,150.0,150.0,153.0,155.0,156.0,150.0,143.0,136.0,1
136.0,139.0,143.0,147.0,148.0,146.0,143.0,143.0,149.0,156.0,161.0,160.0,157.0,155.0,154.0,158.0,163.0,165.0,164.0,161.0,159.0,155.0,154.0,154.0,153.0,150.0,142.0,144.0,152.0,150.0,1
144.0,152.0,150.0,162.0,175.0,183.0,192.0,204.0,215.0,231.0,256.0,264.0,263.0,264.0,267.0,268.0,277.0,275.0,268.0,261.0,249.0,239.0,226.0,219.0,206.0,197.0,186.0,178.0,172.0,166.0,1
120.0,116.0,120.0,127.0,130.0,135.0,138.0,147.0,154.0,160.0,162.0,163.0,158.0,152.0,149.0,146.0,142.0,130.0,117.0,109.0,107.0,182.5,174.0,170.5,164.0,158.5,117.0,119.0,120.0,122.0,1
170.0,178.0,184.0,190.0,192.0,197.0,200.0,210.0,217.0,221.0,221.0,220.0,217.0,214.0,205.0,201.0,188.0,174.0,165.0,145.0,133.0,126.0,122.0,122.0,122.0,120.0,115.0,111.0,108.0,106.0,1
87.0,88.0,88.0,89.0,90.0,88.0,86.0,80.0,76.0,79.0,82.0,85.0,86.0,85.0,84.0,86.0,91.0,93.0,94.0,97.0,99.0,103.0,107.0,108.0,141.5,117.0,127.0,139.0,146.0,151.0,1
85.0,86.0,85.0,84.0,86.0,91.0,93.0,94.0,97.0,99.0,103.0,107.0,108.0,150.5,117.0,127.0,139.0,146.0,151.0,155.0,157.0,159.0,159.0,159.0,161.0,160.0,158.0,159.0,153.0,144.0,1
148.0,151.0,154.0,159.0,164.0,168.0,176.0,187.0,196.0,208.0,215.0,216.0,217.0,216.0,214.0,211.0,212.0,214.0,214.0,207.0,212.0,222.0,227.0,228.0,232.0,228.0,227.0,231.0,233.0,235.0,1
148.0,151.0,154.0,159.0,164.0,168.0,176.0,187.0,196.0,208.0,215.0,216.0,217.0,216.0,214.0,211.0,212.0,214.0,214.0,207.0,212.0,222.0,227.0,228.0,232.0,228.0,227.0,231.0,233.0,235.0,1
214.0,211.0,212.0,214.0,214.0,207.0,212.0,222.0,227.0,228.0,232.0,228.0,227.0,231.0,233.0,235.0,237.0,239.0,237.0,241.0,242.0,236.0,237.0,237.0,233.0,225.0,226.0,224.0,219.0,216.0,1
209.0,198.0,192.0,188.0,197.0,197.0,190.0,174.0,164.0,151.0,145.0,137.0,137.0,137.0,128.0,129.0,131.0,127.0,117.0,121.0,128.0,130.0,132.0,130.0,126.0,115.0,130.0,139.0,143.0,146.0,1
130.0,134.0,135.0,137.0,142.0,148.0,157.0,168.0,168.0,170.0,174.0,177.0,175.0,176.0,175.0,177.0,180.0,188.0,190.0,181.0,176.0,172.0,170.0,160.0,153.0,145.0,134.0,123.0,116.0,109.0,1
109.0,94.0,75.0,62.0,58.0,60.0,59.0,61.0,61.0,63.0,68.0,70.0,72.0,76.0,83.0,90.0,96.0,104.0,112.0,121.0,131.0,149.0,161.0,166.0,162.0,145.0,132.0,122.0,121.0,127.0,1
166.0,162.0,145.0,132.0,122.0,121.0,127.0,139.0,147.0,166.0,182.0,195.0,210.0,224.0,235.0,248.0,261.0,281.0,287.0,290.0,297.0,303.0,306.0,305.0,308.0,309.0,309.0,313.0,303.0,299.0,1
139.0,147.0,166.0,182.0,195.0,210.0,224.0,235.0,248.0,261.0,281.0,287.0,290.0,297.0,303.0,306.0,305.0,308.0,309.0,309.0,313.0,303.0,299.0,298.0,295.0,293.0,296.0,294.0,289.0,280.0,1
77.0,74.0,76.0,80.0,86.0,98.0,112.0,128.0,142.0,151.0,165.0,196.0,205.0,208.0,239.0,273.0,283.0,289.0,294.0,301.0,299.0,295.0,291.0,286.0,273.0,270.0,252.0,246.0,246.0,248.0,1
291.0,299.0,314.0,322.0,327.0,333.0,342.0,350.0,358.0,363.0,370.0,374.0,377.0,381.0,385.0,390.0,391.0,389.0,383.0,375.0,368.0,357.0,349.0,336.0,326.0,315.0,305.0,295.0,286.0,279.0,1
195.0,192.0,181.0,165.0,139.0,133.0,125.0,126.0,136.0,143.0,152.0,155.0,159.0,157.0,155.0,154.0,155.0,158.0,158.0,160.0,165.0,169.0,169.0,160.0,147.0,146.0,147.0,146.0,145.0,143.0,1
159.0,161.0,164.0,169.0,174.0,179.0,182.0,184.0,186.0,194.0,201.0,205.0,204.0,199.0,200.0,205.0,207.0,210.0,211.0,214.0,216.0,209.0,205.0,206.0,205.0,203.0,202.0,202.0,203.0,200.0,1
115.0,120.0,130.0,132.0,130.0,129.0,126.0,128.0,131.0,139.0,153.0,165.0,174.0,185.0,198.0,208.0,223.0,245.0,259.0,263.0,254.0,248.0,233.0,222.0,216.0,210.0,207.0,186.0,179.0,172.0,1
179.0,172.0,164.0,153.0,147.0,147.0,149.0,150.0,149.0,144.0,138.0,139.0,142.0,150.0,153.0,151.0,149.0,147.0,142.0,135.0,132.0,134.0,143.0,147.0,150.0,152.0,153.0,152.0,158.0,159.0,1
132.0,134.0,143.0,147.0,150.0,152.0,153.0,152.0,158.0,159.0,156.0,158.0,164.0,177.0,192.0,197.0,196.0,196.0,196.0,191.0,189.0,181.0,175.0,177.0,156.0,158.0,158.0,157.5,161.5,162.0,1
107.0,109.0,111.0,113.0,113.0,114.0,117.0,120.0,122.0,124.0,127.0,129.0,131.0,133.0,135.0,138.0,142.0,147.0,151.0,155.0,158.0,160.0,162.0,162.0,162.0,164.0,163.0,163.0,165.0,165.0,1
166.0,167.0,167.0,174.0,182.0,186.0,187.0,184.0,192.0,204.0,212.0,221.0,220.0,213.0,207.0,191.0,180.0,171.0,164.0,153.0,143.0,140.0,140.0,138.0,126.0,117.0,105.0,100.0,100.0,101.0,1
109.0,96.0,84.0,76.0,78.0,88.0,103.0,123.0,131.0,132.0,127.0,116.0,107.0,102.0,109.0,117.0,125.0,138.0,153.0,167.0,172.0,175.0,187.0,197.0,200.0,199.0,200.0,198.0,198.0,201.0,1
192.0,202.0,211.0,226.0,237.0,243.0,247.0,249.0,248.0,240.0,236.0,239.0,231.0,225.0,220.0,214.0,199.0,181.0,164.0,150.0,117.0,103.0,102.0,109.0,113.0,123.0,135.0,140.0,143.0,146.0,1
214.0,199.0,181.0,164.0,150.0,117.0,103.0,102.0,109.0,113.0,123.0,135.0,140.0,143.0,146.0,151.0,154.0,148.0,141.0,136.0,133.0,131.0,132.0,134.0,135.0,140.0,146.0,152.0,156.0,158.0,1
150.0,117.0,103.0,102.0,109.0,113.0,123.0,135.0,140.0,143.0,146.0,151.0,154.0,148.0,141.0,136.0,133.0,131.0,132.0,134.0,135.0,140.0,146.0,152.0,156.0,158.0,158.0,160.0,159.0,158.0,1
133.0,131.0,132.0,134.0,135.0,140.0,146.0,152.0,156.0,158.0,158.0,160.0,159.0,158.0,161.0,165.0,168.0,169.0,169.0,171.0,178.0,188.0,197.0,197.0,192.0,190.0,193.0,189.0,186.0,183.0,1
171.0,174.0,180.0,188.0,192.0,195.0,195.0,197.0,197.0,197.0,197.0,199.0,202.0,208.0,215.0,222.0,231.0,236.0,239.0,239.0,237.0,235.0,239.0,244.0,241.0,242.0,229.0,218.0,208.0,196.0,1
158.0,160.0,164.0,168.0,172.0,175.0,180.0,185.0,188.0,192.0,195.0,198.0,198.0,192.0,186.0,183.0,182.0,181.0,180.0,180.0,180.0,180.0,180.0,182.0,173.0,196.0,187.5,183.0,180.5,175.0,1
183.0,182.0,181.0,180.0,180.0,180.0,180.0,180.0,182.0,173.0,195.5,198.0,199.0,199.0,198.0,199.0,200.0,198.5,193.5,189.0,184.0,183.0,182.5,178.0,162.0,150.0,146.0,148.0,153.0,154.0,1
153.0,154.0,148.0,141.0,144.0,148.0,154.0,162.0,173.0,190.0,196.0,198.0,200.0,206.0,210.0,215.0,218.0,216.0,207.0,198.0,188.0,186.0,185.0,183.0,178.0,176.0,181.0,187.0,189.0,190.0,1
153.0,154.0,148.0,141.0,144.0,148.0,154.0,162.0,173.0,190.0,196.0,198.0,200.0,206.0,210.0,215.0,218.0,216.0,207.0,198.0,188.0,186.0,185.0,183.0,178.0,176.0,181.0,187.0,189.0,190.0,1
107.0,90.0,88.0,90.0,93.0,95.0,97.0,92.0,97.0,97.0,101.0,101.0,99.0,86.0,107.0,127.0,133.0,134.0,135.0,144.0,149.0,151.0,150.0,153.0,155.0,154.0,143.0,141.0,139.0,126.0,1
253.0,256.0,253.0,247.0,245.0,249.0,256.0,262.0,268.0,270.0,270.0,273.0,272.0,270.0,268.0,257.0,254.0,220.0,202.0,185.0,176.0,177.0,182.0,187.0,179.0,171.0,168.0,167.0,165.0,164.0,1
163.0,162.0,156.0,146.0,171.0,180.0,177.0,170.0,179.0,192.0,199.0,202.0,203.0,203.0,203.0,203.0,200.0,194.0,186.0,173.0,174.0,176.0,174.0,175.0,123.0,116.0,116.0,118.0,117.0,116.0,1
116.0,118.0,117.0,116.0,111.0,107.0,115.0,116.0,117.0,119.0,122.0,119.0,120.0,121.0,114.0,111.0,108.0,110.0,114.0,117.0,119.0,121.0,121.0,121.0,126.0,127.0,129.0,124.0,124.0,123.0,1
181.0,175.0,176.0,175.0,170.0,167.0,167.0,165.0,165.0,174.0,180.0,188.0,189.0,186.0,185.0,192.0,199.0,201.0,202.0,181.0,174.0,172.0,169.0,165.0,159.0,152.0,146.0,141.0,131.0,132.0,1
102.0,101.0,98.0,94.0,95.0,96.0,93.0,88.0,87.0,84.0,95.0,99.0,103.0,113.0,124.0,129.0,146.0,157.0,160.0,156.0,159.0,167.0,169.0,168.0,170.0,169.0,167.0,161.0,157.0,157.0,1
274.0,272.0,269.0,267.0,259.0,249.0,242.0,231.0,220.0,204.0,186.0,167.0,150.0,136.0,123.0,112.0,98.0,89.0,79.0,72.0,64.0,59.0,53.0,47.0,53.0,55.0,56.0,54.0,59.0,65.0,1
47.0,53.0,55.0,56.0,54.0,59.0,65.0,72.0,75.0,78.0,80.0,85.0,92.0,99.0,110.0,119.0,136.0,147.0,157.0,164.0,180.0,184.0,167.0,161.0,162.0,162.0,165.0,171.0,175.0,175.0,1
174.0,178.0,181.0,185.0,188.0,189.0,188.0,188.0,188.0,188.0,188.0,187.0,187.0,185.0,184.0,184.0,184.0,184.0,182.0,178.0,171.0,162.0,158.0,150.0,145.0,137.0,128.0,120.0,115.0,106.0,1
102.0,103.0,106.0,107.0,107.0,105.0,103.0,99.0,98.0,100.0,106.0,115.0,122.0,131.0,138.0,144.0,156.0,163.0,166.0,163.0,153.0,145.0,148.0,153.0,168.0,177.0,185.0,191.0,195.0,207.0,1
164.0,165.0,167.0,171.0,177.0,178.0,158.0,157.0,162.0,157.0,152.0,158.0,163.0,175.0,200.0,209.0,215.0,221.0,225.0,227.0,221.0,221.0,217.0,226.0,224.0,207.0,209.0,188.0,172.0,166.0,1
78.0,76.0,76.0,79.0,81.0,84.0,90.0,94.0,103.0,110.0,112.0,113.0,116.0,118.0,118.0,114.0,115.0,117.0,121.0,125.0,127.0,129.0,126.0,125.0,129.0,134.0,133.0,129.0,127.0,131.0,1
159.0,157.0,157.0,160.0,165.0,168.0,169.0,171.0,172.0,175.0,184.0,191.0,196.0,200.0,207.0,217.0,222.0,213.0,208.0,196.0,186.0,176.0,159.0,145.0,123.0,123.0,124.0,124.0,116.0,110.0,1
123.0,124.0,124.0,116.0,110.0,103.0,98.0,95.0,93.0,91.0,91.0,92.0,93.0,92.0,90.0,91.0,90.0,94.0,100.0,107.0,114.0,125.0,133.0,138.0,145.0,163.0,170.0,181.0,192.0,204.0,1
234.0,233.0,225.0,214.0,197.0,192.0,193.0,196.0,193.0,193.0,188.0,182.0,180.0,173.0,165.0,156.0,146.0,138.0,138.0,147.0,157.0,165.0,168.0,167.0,166.0,169.0,173.0,178.0,181.0,180.0,1
106.0,93.0,88.0,86.0,85.0,83.0,82.0,80.0,82.0,84.0,86.0,87.0,88.0,95.0,103.0,111.0,121.0,134.0,144.0,150.0,156.0,163.0,165.0,160.0,151.0,164.0,176.0,182.0,184.0,185.0,1
198.0,186.0,169.0,159.0,152.0,140.0,128.0,117.0,109.0,104.0,101.0,99.0,94.0,90.0,86.0,82.0,80.0,78.0,75.0,74.0,72.0,70.0,70.0,71.0,77.0,80.0,81.0,90.0,96.0,99.0,1
70.0,70.0,71.0,77.0,80.0,81.0,90.0,96.0,99.0,104.0,107.0,106.0,103.0,102.0,102.0,100.0,98.0,96.0,95.0,93.0,91.0,90.0,92.0,95.0,102.0,100.0,102.0,111.0,115.0,114.0,1
138.0,141.0,144.0,147.0,150.0,150.0,150.0,146.0,149.0,154.0,163.0,172.0,180.0,187.0,200.0,210.0,221.0,242.0,267.0,273.0,270.0,273.0,279.0,287.0,293.0,272.0,261.0,259.0,257.0,257.0,1
126.0,123.0,119.0,115.0,117.0,120.0,128.0,136.0,143.0,153.0,170.0,179.0,186.0,196.0,198.0,198.0,196.0,199.0,203.0,206.0,211.0,209.0,207.0,210.0,207.0,197.0,194.0,193.0,192.0,192.0,1
136.0,134.0,132.0,131.0,133.0,140.0,145.0,146.0,148.0,156.0,163.0,170.0,183.0,196.0,208.0,220.0,229.0,236.0,243.0,246.0,246.0,247.0,243.0,237.0,222.0,216.0,208.0,198.0,187.0,167.0,1
130.0,119.0,109.0,100.0,91.0,93.0,97.0,105.0,115.0,121.0,130.0,138.0,146.0,156.0,166.0,175.0,183.0,191.0,205.0,213.0,215.0,212.0,207.0,206.0,204.5,192.5,187.0,180.0,172.5,160.5,1
144.0,154.0,162.0,171.0,182.0,194.0,203.0,205.0,205.0,206.0,205.0,203.0,202.0,203.0,204.0,198.0,191.0,190.0,192.0,194.0,196.0,196.0,196.0,194.0,187.0,169.0,166.0,162.0,158.0,154.0,1
166.0,171.0,168.0,160.0,150.0,146.0,145.0,144.0,139.0,133.0,130.0,129.0,130.0,134.0,136.0,138.0,142.0,146.0,153.0,160.0,164.0,168.0,168.0,171.0,180.0,179.0,180.0,179.0,177.0,173.0,1
123.0,123.0,125.0,126.0,129.0,136.0,142.0,148.0,154.0,157.0,160.0,164.0,167.0,166.0,163.0,157.0,149.0,142.0,138.0,135.0,135.0,133.0,126.0,118.0,113.0,110.0,108.0,107.0,109.0,112.0,1
149.0,142.0,138.0,135.0,135.0,133.0,126.0,118.0,113.0,110.0,108.0,107.0,109.0,112.0,121.0,128.0,134.0,149.0,161.0,167.0,167.0,161.0,150.0,135.0,117.0,117.0,117.5,116.0,114.0,113.0,1
135.0,130.5,53.0,55.0,59.0,64.0,71.0,79.0,84.0,89.0,96.0,104.0,110.0,118.0,130.0,146.0,159.0,165.0,163.0,156.0,135.0,122.0,119.0,121.0,121.0,124.0,127.0,125.0,119.0,114.0,1
121.0,119.0,120.0,123.0,123.0,117.0,111.0,107.0,101.0,90.0,84.0,82.0,86.0,92.0,96.0,96.0,87.0,79.0,74.0,72.0,72.0,73.0,73.0,75.0,81.0,81.0,83.0,85.0,85.0,84.0,1
249.0,252.0,254.0,257.0,261.0,266.0,278.0,287.0,298.0,305.0,300.0,289.0,282.0,282.0,280.0,278.0,271.0,261.0,254.0,251.0,248.0,245.0,238.0,215.0,165.0,161.0,160.0,161.0,160.0,154.0,1
141.0,138.0,137.0,139.0,143.0,148.0,151.0,150.0,144.0,140.0,138.0,140.0,144.0,151.0,162.0,171.0,181.0,188.0,188.0,180.0,171.0,163.0,154.0,145.0,135.0,127.0,122.0,117.0,114.0,112.0,1
161.0,164.0,168.0,172.0,175.0,178.0,179.0,179.0,181.0,185.0,188.0,191.0,194.0,197.0,199.0,202.0,201.0,198.0,198.0,193.0,192.0,193.0,195.0,191.0,179.0,173.0,169.0,165.0,159.0,157.0,1
155.0,154.0,155.0,155.0,154.0,151.0,149.0,147.0,145.0,147.0,144.0,145.0,134.0,121.0,114.0,107.0,97.0,88.0,83.0,79.0,76.0,75.0,78.0,82.0,86.0,87.0,86.0,87.0,87.0,88.0,1
91.0,94.0,96.0,98.0,100.0,103.0,109.0,114.0,120.0,123.0,124.0,124.0,123.0,121.0,122.0,123.0,121.0,119.0,117.0,114.0,114.0,115.0,115.0,116.0,117.0,120.0,126.0,130.0,133.0,137.0,1
123.0,124.0,124.0,123.0,121.0,122.0,123.0,121.0,119.0,117.0,114.0,114.0,115.0,115.0,116.0,117.0,120.0,126.0,130.0,133.0,137.0,140.0,139.0,135.0,129.0,121.0,112.0,101.0,91.0,84.0,1
165.0,178.0,193.0,204.0,212.0,226.0,244.0,254.0,261.0,264.0,259.0,256.0,251.0,244.0,237.0,228.0,222.0,214.0,205.0,198.0,191.0,187.0,187.0,189.0,190.0,194.0,199.0,202.0,199.0,193.0,1
251.0,244.0,237.0,228.0,222.0,214.0,205.0,198.0,191.0,187.0,187.0,189.0,190.0,194.0,199.0,202.0,199.0,193.0,184.0,173.0,161.0,153.0,148.0,143.0,140.0,136.0,129.0,121.0,116.0,112.0,1
244.0,237.0,228.0,222.0,214.0,205.0,198.0,191.0,187.0,187.0,189.0,190.0,194.0,199.0,202.0,199.0,193.0,184.0,173.0,161.0,153.0,148.0,143.0,140.0,136.0,129.0,121.0,116.0,112.0,111.0,1
137.0,139.0,145.0,144.0,154.0,165.0,178.0,194.0,216.0,245.0,260.0,272.0,273.0,267.0,257.0,245.0,229.0,211.0,188.0,162.0,151.0,148.0,151.0,153.0,154.0,151.0,145.0,145.0,146.0,141.0,1
154.0,165.0,178.0,194.0,216.0,245.0,260.0,272.0,273.0,267.0,257.0,245.0,229.0,211.0,188.0,162.0,151.0,148.0,151.0,153.0,154.0,151.0,145.0,145.0,146.0,141.0,139.0,139.0,139.0,140.0,1
146.0,150.0,158.0,165.0,167.0,165.0,162.0,164.0,170.0,172.0,173.0,172.0,178.0,185.0,189.0,192.0,197.0,205.0,212.0,216.0,224.0,233.0,241.0,248.0,251.0,261.0,268.0,275.0,279.0,282.0,1
146.0,150.0,158.0,165.0,167.0,165.0,162.0,164.0,170.0,172.0,173.0,172.0,178.0,185.0,189.0,192.0,197.0,205.0,212.0,216.0,224.0,233.0,241.0,248.0,251.0,261.0,268.0,275.0,279.0,282.0,1
150.0,158.0,165.0,167.0,165.0,162.0,164.0,170.0,172.0,173.0,172.0,178.0,185.0,189.0,192.0,197.0,205.0,212.0,216.0,224.0,233.0,241.0,248.0,251.0,261.0,268.0,275.0,279.0,282.0,289.0,1
178.0,185.0,189.0,192.0,197.0,205.0,212.0,216.0,224.0,233.0,241.0,248.0,251.0,261.0,268.0,275.0,279.0,282.0,289.0,293.0,291.0,291.0,293.0,292.0,290.0,284.0,280.0,280.0,279.0,276.0,1
185.0,189.0,192.0,197.0,205.0,212.0,216.0,224.0,233.0,241.0,248.0,251.0,261.0,268.0,275.0,279.0,282.0,289.0,293.0,291.0,291.0,293.0,292.0,290.0,284.0,280.0,280.0,279.0,276.0,272.0,1
280.0,280.0,279.0,276.0,272.0,267.0,260.0,257.0,251.0,245.0,240.0,237.0,226.0,214.0,199.0,183.0,167.0,141.0,127.0,122.0,125.0,131.0,136.0,140.0,146.0,146.0,144.0,142.0,141.0,141.0,1
272.0,267.0,260.0,257.0,251.0,245.0,240.0,237.0,226.0,214.0,199.0,183.0,167.0,141.0,127.0,122.0,125.0,131.0,136.0,140.0,146.0,146.0,144.0,142.0,141.0,141.0,140.0,138.0,136.0,134.0,1
82.0,81.0,81.0,86.0,92.0,101.0,111.0,121.0,129.0,135.0,142.0,149.0,156.0,168.0,180.0,192.0,205.0,215.0,219.0,220.0,219.0,218.0,223.0,228.0,233.0,236.0,241.0,242.0,243.0,250.0,1
241.0,242.0,243.0,250.0,253.0,253.0,253.0,252.0,251.0,253.0,257.0,261.0,262.0,261.0,258.0,253.0,246.0,238.0,227.0,213.0,203.0,192.0,186.0,172.0,157.0,140.0,123.0,114.0,109.0,107.0,1
243.0,250.0,253.0,253.0,253.0,252.0,251.0,253.0,257.0,261.0,262.0,261.0,258.0,253.0,246.0,238.0,227.0,213.0,203.0,192.0,186.0,172.0,157.0,140.0,123.0,114.0,109.0,107.0,105.0,104.0,1
252.0,251.0,253.0,257.0,261.0,262.0,261.0,258.0,253.0,246.0,238.0,227.0,213.0,203.0,192.0,186.0,172.0,157.0,140.0,123.0,114.0,109.0,107.0,105.0,104.0,104.0,106.0,108.0,110.0,110.0,1
261.0,269.0,275.0,273.0,271.0,265.0,255.0,246.0,237.0,227.0,218.0,211.0,202.0,192.0,183.0,178.0,167.0,156.0,141.0,132.0,130.0,130.0,133.0,139.0,139.0,137.0,131.0,120.0,114.0,111.0,1
265.0,255.0,246.0,237.0,227.0,218.0,211.0,202.0,192.0,183.0,178.0,167.0,156.0,141.0,132.0,130.0,130.0,133.0,139.0,139.0,137.0,131.0,120.0,114.0,111.0,107.0,107.0,106.0,105.0,105.0,1
114.0,123.0,127.0,127.0,123.0,121.0,121.0,120.0,116.0,106.0,101.0,101.0,101.0,105.0,109.0,105.0,102.0,90.0,74.0,66.0,62.0,60.0,61.0,63.0,63.0,65.0,67.0,72.0,80.0,86.0,1
206.0,210.0,211.0,209.0,208.0,209.0,212.0,224.0,233.0,239.0,244.0,244.0,242.0,238.0,232.0,227.0,223.0,220.0,213.0,198.0,189.0,181.0,174.0,166.0,151.0,136.0,119.0,100.0,90.0,87.0,1
211.0,209.0,208.0,209.0,212.0,224.0,233.0,239.0,244.0,244.0,242.0,238.0,232.0,227.0,223.0,220.0,213.0,198.0,189.0,181.0,174.0,166.0,151.0,136.0,119.0,100.0,90.0,87.0,87.0,88.0,1
224.0,233.0,239.0,244.0,244.0,242.0,238.0,232.0,227.0,223.0,220.0,213.0,198.0,189.0,181.0,174.0,166.0,151.0,136.0,119.0,100.0,90.0,87.0,87.0,88.0,89.0,88.0,88.0,90.0,91.0,1
233.0,239.0,244.0,244.0,242.0,238.0,232.0,227.0,223.0,220.0,213.0,198.0,189.0,181.0,174.0,166.0,151.0,136.0,119.0,100.0,90.0,87.0,87.0,88.0,89.0,88.0,88.0,90.0,91.0,91.0,1
128.0,128.0,131.0,138.0,147.0,159.0,175.0,188.0,195.0,202.0,202.0,201.0,193.0,181.0,170.0,159.0,146.0,137.0,132.0,130.0,132.0,133.0,133.0,130.0,125.0,118.0,118.0,120.0,122.0,124.0,1
138.0,147.0,159.0,175.0,188.0,195.0,202.0,202.0,201.0,193.0,181.0,170.0,159.0,146.0,137.0,132.0,130.0,132.0,133.0,133.0,130.0,125.0,118.0,118.0,120.0,122.0,124.0,125.0,126.0,125.0,1
88.0,88.0,89.0,88.0,86.0,86.0,87.0,93.0,95.0,96.0,99.0,108.0,113.0,115.0,119.0,124.0,128.0,131.0,134.0,135.0,133.0,131.0,128.0,127.0,125.0,120.0,122.0,127.0,133.0,139.0,1
162.0,164.0,169.0,174.0,177.0,179.0,180.0,179.0,176.0,174.0,175.0,179.0,184.0,183.0,176.0,171.0,167.0,165.0,162.0,154.0,146.0,140.0,137.0,134.0,133.0,127.0,118.0,110.0,101.0,92.0,1
164.0,169.0,174.0,177.0,179.0,180.0,179.0,176.0,174.0,175.0,179.0,184.0,183.0,176.0,171.0,167.0,165.0,162.0,154.0,146.0,140.0,137.0,134.0,133.0,127.0,118.0,110.0,101.0,92.0,83.0,1
153.0,165.0,175.0,190.0,201.0,207.0,210.0,214.0,211.0,205.0,201.0,192.0,186.0,186.0,181.0,177.0,173.0,158.0,144.0,132.0,118.0,102.0,83.0,75.0,67.0,65.0,63.0,63.0,64.0,67.0,1
154.0,166.0,180.0,195.0,213.0,227.0,230.0,228.0,228.0,229.0,234.0,240.0,249.0,258.0,259.0,253.0,247.0,242.0,231.0,221.0,213.0,205.0,195.0,181.0,171.0,161.0,154.0,146.0,142.0,142.0,1
230.0,228.0,228.0,229.0,234.0,240.0,249.0,258.0,259.0,253.0,247.0,242.0,231.0,221.0,213.0,205.0,195.0,181.0,171.0,161.0,154.0,146.0,142.0,142.0,143.0,141.0,141.0,149.0,152.0,153.0,1
209.0,219.0,223.0,221.0,217.0,218.0,227.0,233.0,239.0,242.0,236.0,227.0,218.0,212.0,204.0,188.0,178.0,171.0,165.0,159.0,145.0,123.0,115.0,109.0,112.0,118.0,121.0,125.0,129.0,133.0,1
221.0,217.0,218.0,227.0,233.0,239.0,242.0,236.0,227.0,218.0,212.0,204.0,188.0,178.0,171.0,165.0,159.0,145.0,123.0,115.0,109.0,112.0,118.0,121.0,125.0,129.0,133.0,137.0,145.0,153.0,1
159.0,145.0,123.0,115.0,109.0,112.0,118.0,121.0,125.0,129.0,133.0,137.0,145.0,153.0,162.0,169.0,173.0,181.0,189.0,195.0,199.0,205.0,209.0,219.0,232.0,241.0,241.0,236.0,238.0,243.0,1
169.0,173.0,181.0,189.0,195.0,199.0,205.0,209.0,219.0,232.0,241.0,241.0,236.0,238.0,243.0,255.0,265.0,273.0,281.0,276.0,277.0,266.0,243.0,236.0,234.0,223.0,212.0,204.0,194.0,185.0,1
241.0,236.0,238.0,243.0,255.0,265.0,273.0,281.0,276.0,277.0,266.0,243.0,236.0,234.0,223.0,212.0,204.0,194.0,185.0,176.0,167.0,159.0,151.0,144.0,133.0,129.0,130.0,131.0,128.0,125.0,1
255.0,265.0,273.0,281.0,276.0,277.0,266.0,243.0,236.0,234.0,223.0,212.0,204.0,194.0,185.0,176.0,167.0,159.0,151.0,144.0,133.0,129.0,130.0,131.0,128.0,125.0,122.0,120.0,120.0,120.0,1
77.0,76.0,77.0,83.0,91.0,99.0,108.0,114.0,126.0,137.0,146.0,153.0,159.0,167.0,170.0,186.0,202.0,213.0,214.0,215.0,207.0,197.0,182.0,167.0,149.0,126.0,108.0,101.0,98.0,97.0,1
91.0,99.0,108.0,114.0,126.0,137.0,146.0,153.0,159.0,167.0,170.0,186.0,202.0,213.0,214.0,215.0,207.0,197.0,182.0,167.0,149.0,126.0,108.0,101.0,98.0,97.0,96.0,94.0,97.0,101.0,1
178.0,187.0,198.0,210.0,224.0,235.0,239.0,242.0,243.0,244.0,245.0,244.0,241.0,231.0,219.0,203.0,179.0,163.0,157.0,159.0,162.0,162.0,165.0,170.0,177.0,183.0,187.0,190.0,192.0,191.0,1
244.0,245.0,244.0,241.0,231.0,219.0,203.0,179.0,163.0,157.0,159.0,162.0,162.0,165.0,170.0,177.0,183.0,187.0,190.0,192.0,191.0,188.0,185.0,183.0,182.0,185.0,188.0,186.0,183.0,181.0,1
151.0,154.0,158.0,161.0,162.0,164.0,166.0,166.0,166.0,164.0,164.0,167.0,169.0,172.0,175.0,182.0,190.0,194.0,212.0,221.0,226.0,229.0,229.0,233.0,230.0,223.0,227.0,231.0,232.0,237.0,1
166.0,166.0,164.0,164.0,167.0,169.0,172.0,175.0,182.0,190.0,194.0,212.0,221.0,226.0,229.0,229.0,233.0,230.0,223.0,227.0,231.0,232.0,237.0,242.0,254.0,254.0,252.0,252.0,255.0,259.0,1
212.0,221.0,226.0,229.0,229.0,233.0,230.0,223.0,227.0,231.0,232.0,237.0,242.0,254.0,254.0,252.0,252.0,255.0,259.0,261.0,261.0,262.0,263.0,251.0,224.0,230.0,235.0,237.0,238.0,239.0,1
165.0,170.0,173.0,174.0,180.0,185.0,188.0,190.0,190.0,189.0,188.0,185.0,179.0,172.0,163.0,155.0,150.0,202.5,205.0,205.0,203.5,202.5,263.0,251.0,224.0,230.0,235.0,237.0,238.0,239.0,1
165.0,170.0,173.0,174.0,180.0,185.0,188.0,190.0,190.0,189.0,188.0,185.0,179.0,172.0,163.0,155.0,150.0,150.0,151.0,149.0,146.0,143.0,263.0,251.0,224.0,230.0,235.0,237.0,238.0,239.0,1
165.0,170.0,173.0,174.0,180.0,185.0,188.0,190.0,190.0,189.0,188.0,185.0,179.0,172.0,163.0,155.0,150.0,150.0,151.0,149.0,146.0,143.0,263.0,251.0,224.0,230.0,235.0,237.0,238.0,239.0,1
211.0,216.0,220.0,221.0,219.0,218.0,213.0,209.0,207.0,188.0,178.0,179.0,175.0,161.0,158.0,139.0,134.0,136.0,137.0,137.0,120.0,110.0,107.0,109.0,117.0,135.0,139.0,144.0,142.0,140.0,1
182.0,194.0,204.0,218.0,239.0,246.0,246.0,242.0,242.0,246.0,250.0,254.0,254.0,249.0,248.0,236.0,222.0,211.0,202.0,190.0,179.0,170.0,163.0,163.0,167.0,175.0,184.0,190.0,193.0,195.0,1
179.0,170.0,163.0,163.0,167.0,175.0,184.0,190.0,193.0,195.0,199.0,205.0,211.0,215.0,219.0,224.0,232.0,238.0,243.0,246.0,248.0,250.0,243.0,226.0,235.0,244.0,251.0,256.0,256.0,170.0,1
240.0,238.0,236.0,236.0,230.0,227.0,226.0,229.0,221.0,212.0,211.0,208.0,204.0,203.0,187.0,180.0,176.0,170.0,166.0,163.0,163.0,162.0,158.0,154.0,146.0,143.0,142.0,141.0,143.0,145.0,1
182.0,180.0,170.0,154.0,149.0,153.0,159.0,170.0,172.0,159.0,155.0,127.0,107.0,102.0,103.0,108.0,113.0,117.0,113.0,104.0,97.0,93.0,95.0,100.0,112.0,117.0,123.0,129.0,133.0,134.0,1
192.0,203.0,212.0,214.0,214.0,214.0,215.0,217.0,217.0,217.0,218.0,221.0,228.0,223.0,215.0,215.0,201.0,188.0,178.0,168.0,161.0,156.0,151.0,148.0,145.0,143.0,142.0,142.0,142.0,142.0,1
141.0,141.0,142.0,142.0,145.0,150.0,155.0,161.0,166.0,171.0,177.0,179.0,185.0,193.0,200.0,206.0,207.0,203.0,200.0,204.0,204.0,213.0,220.0,226.0,234.0,244.0,252.0,254.0,259.0,262.0,1
185.0,193.0,200.0,206.0,207.0,203.0,200.0,204.0,204.0,213.0,220.0,226.0,234.0,244.0,252.0,254.0,259.0,262.0,264.0,271.0,279.0,283.0,289.0,287.0,283.0,289.0,292.0,297.0,299.0,301.0,1
296.0,294.0,294.0,292.0,290.0,294.0,295.0,293.0,290.0,286.0,282.0,276.0,266.0,261.0,250.0,242.0,232.0,219.0,206.0,194.0,186.0,178.0,177.0,174.0,248.0,251.5,165.0,167.0,168.0,168.0,1
173.0,184.0,185.0,189.0,192.0,191.0,190.0,192.0,194.0,197.0,200.0,204.0,207.0,211.0,211.0,212.0,207.0,202.0,200.0,195.0,192.0,197.0,197.0,207.0,213.0,214.0,213.0,216.0,226.0,238.0,1
197.0,200.0,204.0,207.0,211.0,211.0,212.0,207.0,202.0,200.0,195.0,192.0,197.0,197.0,207.0,213.0,214.0,213.0,216.0,226.0,238.0,245.0,248.0,247.0,243.0,238.0,233.0,237.0,250.0,262.0,1
243.0,238.0,233.0,237.0,250.0,262.0,267.0,268.0,266.0,262.0,260.0,260.0,262.0,267.0,274.0,279.0,278.0,274.0,268.0,263.0,262.0,264.0,269.0,273.0,277.0,270.0,261.0,256.0,253.0,254.0,1
254.0,258.0,261.0,261.0,257.0,254.0,248.0,242.0,237.0,231.0,222.0,215.0,212.0,208.0,202.0,199.0,190.0,181.0,173.0,163.0,153.0,144.0,135.0,116.0,92.0,79.0,72.0,76.0,88.0,116.0,1
208.0,215.0,220.0,225.0,229.0,235.0,240.0,246.0,251.0,257.0,263.0,270.0,277.0,284.0,294.0,302.0,306.0,304.0,297.0,297.0,306.0,315.0,328.0,337.0,327.0,300.0,304.0,305.0,306.0,308.0,1
309.0,309.0,308.0,310.0,310.0,309.0,306.0,304.0,302.0,301.0,297.0,291.0,286.0,279.0,271.0,264.0,255.0,246.0,235.0,226.0,213.0,202.0,195.0,190.0,190.0,193.0,191.0,194.0,199.0,201.0,1
270.0,276.0,285.0,292.0,299.0,304.0,309.0,314.0,320.0,325.0,332.0,339.0,345.0,349.0,352.0,354.0,360.0,365.0,385.0,391.0,389.0,386.0,388.0,376.0,359.0,368.0,372.0,372.0,372.0,371.0,1
345.0,349.0,352.0,354.0,360.0,365.0,385.0,391.0,389.0,386.0,388.0,376.0,359.0,368.0,372.0,372.0,372.0,371.0,371.0,368.0,362.0,354.0,346.0,327.0,275.0,267.0,268.0,254.0,244.0,240.0,1
372.0,372.0,371.0,371.0,368.0,362.0,354.0,346.0,327.0,275.0,267.0,268.0,254.0,244.0,240.0,242.0,241.0,243.0,243.0,238.0,231.0,225.0,218.0,214.0,213.0,214.0,214.0,218.0,210.0,195.0,1
362.0,354.0,346.0,327.0,275.0,267.0,268.0,254.0,244.0,240.0,242.0,241.0,243.0,243.0,238.0,231.0,225.0,218.0,214.0,213.0,214.0,214.0,218.0,210.0,195.0,203.0,207.0,208.0,212.0,217.0,1
231.0,225.0,218.0,214.0,213.0,214.0,214.0,218.0,210.0,195.0,203.0,207.0,208.0,212.0,217.0,223.0,227.0,231.0,234.0,236.0,242.0,250.0,257.0,260.0,259.0,262.0,267.0,277.0,288.0,301.0,1
250.0,257.0,260.0,259.0,262.0,267.0,277.0,288.0,301.0,315.0,323.0,329.0,335.0,340.0,344.0,344.0,344.0,340.0,339.0,339.0,339.0,341.0,344.0,322.0,276.0,286.0,289.0,294.0,277.0,267.0,1
277.0,267.0,261.0,259.0,260.0,262.0,263.0,265.0,269.0,272.0,273.0,277.0,280.0,285.0,293.0,301.0,307.0,310.0,313.0,316.0,323.0,329.0,335.0,329.0,240.33333333333334,244.0,246.0,248.0,238.0,232.0,1
316.0,323.0,329.0,335.0,329.0,331.0,320.0,244.66666666666666,249.33333333333334,251.66666666666666,252.0,254.0,313.5,312.5,303.5,293.5,283.0,272.5,261.0,257.0,266.0,272.0,271.0,261.5,204.66666666666669,202.0,203.0,202.0,199.0,197.0,1
400.0,400.0,400.0,400.0,400.0,400.0,377.0,224.33333333333334,229.66666666666666,231.33333333333334,231.0,231.0,347.0,340.0,314.0,286.0,259.0,235.0,209.0,198.0,209.0,215.0,207.0,194.0,169.0,160.0,160.0,156.0,160.0,162.0,1
155.0,160.0,166.0,173.0,179.0,188.0,197.0,204.0,210.0,211.0,210.0,208.0,210.0,216.0,226.0,232.0,241.0,245.0,247.0,257.0,271.0,253.0,239.0,230.0,214.0,214.0,215.0,215.0,213.0,209.0,1
188.0,190.0,190.0,185.0,178.0,169.0,163.0,158.0,155.0,150.0,148.0,147.0,137.0,118.0,143.0,153.0,156.0,149.0,138.0,132.0,124.0,118.0,111.0,99.0,95.0,92.0,85.0,86.0,87.0,86.0,1
155.0,150.0,148.0,147.0,137.0,118.0,143.0,153.0,156.0,149.0,138.0,132.0,124.0,118.0,111.0,99.0,95.0,92.0,85.0,86.0,87.0,86.0,85.0,85.0,86.0,89.0,90.0,84.0,84.0,97.0,1
182.0,205.0,220.0,230.0,237.0,238.0,238.0,238.0,238.0,236.0,235.0,238.0,238.0,241.0,264.0,266.0,247.0,235.0,225.0,218.0,216.0,216.0,215.0,215.0,219.0,223.0,220.0,222.0,238.0,250.0,1
238.0,238.0,236.0,235.0,238.0,238.0,241.0,264.0,266.0,247.0,235.0,225.0,218.0,216.0,216.0,215.0,215.0,219.0,223.0,220.0,222.0,238.0,250.0,250.0,274.0,278.0,279.0,280.0,280.0,282.0,1
321.0,342.0,335.0,336.0,329.0,319.0,310.0,302.0,293.0,296.0,276.0,263.0,263.0,237.0,220.0,210.0,199.0,185.0,178.0,180.0,190.0,165.0,142.0,128.0,120.0,115.0,116.0,125.0,128.0,134.0,1
329.0,319.0,310.0,302.0,293.0,296.0,276.0,263.0,263.0,237.0,220.0,210.0,199.0,185.0,178.0,180.0,190.0,165.0,142.0,128.0,120.0,115.0,116.0,125.0,128.0,134.0,135.0,137.0,139.0,145.0,1
189.0,187.0,190.0,195.0,194.0,193.0,190.0,187.0,184.0,180.0,175.0,169.0,158.0,147.0,121.0,115.0,143.0,157.0,159.0,159.0,160.0,162.0,143.0,141.0,142.0,188.0,205.0,208.0,206.0,199.0,1
257.0,261.0,268.0,277.0,271.0,256.0,250.0,247.0,247.0,249.0,252.0,258.0,260.0,250.0,248.0,240.0,228.0,217.0,203.0,186.0,169.0,152.0,136.0,115.0,103.0,91.0,92.0,97.0,106.0,121.0,1
138.0,147.0,156.0,165.0,170.0,184.0,202.0,205.0,204.0,204.0,203.0,199.0,201.0,202.0,202.0,202.0,203.0,205.0,210.0,214.0,195.0,193.0,215.0,231.0,270.0,281.0,290.0,297.0,299.0,299.0,1
344.0,354.0,353.0,346.0,340.0,346.0,359.0,369.0,369.0,365.0,365.0,360.0,370.0,387.0,399.0,400.0,398.0,397.0,400.0,400.0,400.0,400.0,400.0,397.0,393.0,393.0,390.0,390.0,386.0,382.0,1
378.0,383.0,367.0,358.0,353.0,346.0,338.0,321.0,307.0,296.0,288.0,263.0,226.0,214.0,196.0,184.0,161.0,152.0,148.0,136.0,121.0,117.0,113.0,103.0,100.0,98.0,89.0,88.0,91.0,96.0,1
196.0,196.0,203.0,205.0,214.0,219.0,221.0,223.0,226.0,221.0,220.0,217.0,211.0,203.0,197.0,193.0,182.0,171.0,168.0,148.0,132.0,125.0,125.0,128.0,133.0,143.0,143.0,143.0,144.0,145.0,1
192.0,200.0,206.0,211.0,193.0,185.0,181.0,173.0,175.0,179.0,184.0,210.0,224.0,229.0,216.0,205.0,193.0,180.0,163.0,152.0,143.0,143.0,152.0,163.0,179.0,176.0,170.0,168.0,176.0,182.0,1
182.0,185.0,187.0,189.0,189.0,192.0,198.0,205.0,215.0,228.0,231.0,229.0,233.0,240.0,245.0,250.0,255.0,259.0,262.0,264.0,265.0,267.0,270.0,265.0,254.0,257.0,255.0,256.0,263.0,266.0,1
293.0,294.0,298.0,302.0,305.0,312.0,318.0,314.0,307.0,302.0,298.0,298.0,301.0,299.0,295.0,295.0,295.0,297.0,292.0,285.0,277.0,273.0,271.0,269.0,264.0,262.0,268.0,274.0,272.0,265.0,1
298.0,302.0,305.0,312.0,318.0,314.0,307.0,302.0,298.0,298.0,301.0,299.0,295.0,295.0,295.0,297.0,292.0,285.0,277.0,273.0,271.0,269.0,264.0,262.0,268.0,274.0,272.0,265.0,257.0,253.0,1
262.0,268.0,274.0,272.0,265.0,257.0,253.0,250.0,248.0,247.0,246.0,242.0,231.0,225.0,212.0,197.0,181.0,170.0,161.0,152.0,129.0,119.0,117.0,122.0,136.0,134.0,137.0,141.0,145.0,149.0,1
142.0,152.0,166.0,175.0,181.0,183.0,181.0,180.0,170.0,160.0,157.0,149.0,141.0,141.0,124.0,112.0,108.0,107.0,106.0,99.0,94.0,101.0,109.0,114.0,117.0,122.0,128.0,139.0,148.0,155.0,1
168.0,174.0,179.0,180.0,179.0,180.0,185.0,193.0,199.0,205.0,212.0,223.0,229.0,235.0,239.0,240.0,241.0,230.0,219.0,208.0,202.0,185.0,164.0,138.0,120.0,111.0,108.0,113.0,122.0,129.0,1
179.0,180.0,185.0,193.0,199.0,205.0,212.0,223.0,229.0,235.0,239.0,240.0,241.0,230.0,219.0,208.0,202.0,185.0,164.0,138.0,120.0,111.0,108.0,113.0,122.0,129.0,133.0,136.0,137.0,139.0,1
154.0,155.0,155.0,153.0,153.0,155.0,159.0,163.0,165.0,168.0,169.0,168.0,166.0,165.0,166.0,166.0,169.0,168.0,164.0,162.0,162.0,164.0,164.0,164.0,169.0,173.0,174.0,177.0,184.0,192.0,1
166.0,165.0,166.0,166.0,169.0,168.0,164.0,162.0,162.0,164.0,164.0,164.0,169.0,173.0,174.0,177.0,184.0,192.0,202.0,215.0,229.0,243.0,262.0,270.0,295.0,311.0,315.0,311.0,306.0,304.0,1
164.0,164.0,169.0,173.0,174.0,177.0,184.0,192.0,202.0,215.0,229.0,243.0,262.0,270.0,295.0,311.0,315.0,311.0,306.0,304.0,309.0,318.0,326.0,332.0,335.0,344.0,351.0,354.0,355.0,356.0,1
350.0,340.0,336.0,331.0,329.0,323.0,322.0,310.0,301.0,294.0,285.0,275.0,266.0,260.0,250.0,238.0,220.0,209.0,190.0,173.0,153.0,142.0,138.0,136.0,133.0,133.0,129.0,127.0,131.0,135.0,1
192.0,209.0,218.0,224.0,230.0,237.0,241.0,244.0,245.0,245.0,245.0,251.0,260.0,266.0,270.0,263.0,256.0,249.0,244.0,237.0,231.0,229.0,238.0,244.0,254.0,270.0,284.0,295.0,276.0,231.0,1
125.0,127.0,128.0,128.0,131.0,135.0,139.0,141.0,144.0,145.0,145.0,147.0,147.0,147.0,149.0,151.0,154.0,157.0,162.0,160.0,161.0,165.0,167.0,169.0,254.0,270.0,284.0,295.0,276.0,231.0,1
220.0,216.0,211.0,207.0,204.0,204.0,200.0,195.0,189.0,183.0,175.0,166.0,161.0,158.0,153.0,152.0,143.0,137.0,134.0,128.0,122.0,114.0,107.0,103.0,101.0,101.0,100.0,101.0,101.0,100.0,0
92.0,90.0,91.0,96.0,103.0,105.0,103.0,94.0,90.0,90.0,90.0,90.0,88.0,87.0,87.0,87.0,88.0,89.0,89.0,91.0,92.0,89.0,85.0,83.0,80.0,77.0,79.0,79.0,81.0,83.0,0
93.0,91.0,89.0,89.0,91.0,94.0,96.0,96.0,94.0,90.0,88.0,87.0,86.0,85.0,85.0,86.0,85.0,84.0,86.0,87.0,86.0,83.0,80.0,76.0,74.0,73.0,73.0,72.0,71.0,71.0,0
103.0,102.0,99.0,99.0,104.0,104.0,104.0,105.0,108.0,108.0,109.0,107.0,103.0,105.0,107.0,106.0,94.0,87.0,85.0,84.0,91.0,92.0,100.0,110.0,117.0,131.0,142.0,148.0,151.0,149.0,0
127.0,129.0,132.0,132.0,134.0,140.0,143.0,147.0,150.0,148.0,149.0,146.0,147.0,149.0,152.0,156.0,161.0,166.0,173.0,180.0,187.0,193.0,201.0,210.0,227.0,240.0,247.0,251.0,242.0,239.0,0
99.5,100.5,101.5,101.0,100.5,103.5,308.0,306.0,306.0,309.0,314.0,321.0,312.0,304.0,291.0,288.0,308.0,317.0,321.0,307.0,303.0,305.0,299.0,298.0,287.0,278.0,269.0,262.0,253.0,243.0,0
72.0,72.0,71.0,70.0,67.0,67.0,69.0,70.0,70.0,70.0,70.0,71.0,72.0,72.0,73.0,73.0,76.0,81.0,85.0,89.0,91.0,90.0,95.0,104.0,117.0,127.0,129.0,125.0,126.0,130.0,0
191.0,189.0,187.0,190.0,191.0,197.0,200.0,197.0,190.0,196.0,203.0,206.0,217.0,222.0,222.0,223.0,223.0,229.0,229.0,228.0,159.0,158.0,160.0,165.0,174.0,181.5,184.0,182.5,183.0,185.0,0
197.0,202.0,207.0,209.0,209.0,209.0,209.0,213.0,221.0,229.0,233.0,235.0,234.0,227.0,223.0,223.0,224.0,225.0,227.0,227.0,227.0,226.0,225.0,226.0,231.0,236.0,239.0,240.0,240.0,240.0,0
192.0,192.0,198.0,198.0,195.0,190.0,183.0,176.0,157.0,144.0,136.0,131.0,133.0,139.0,146.0,152.0,156.0,158.0,158.0,161.0,163.0,165.0,166.0,166.0,166.0,169.0,173.0,175.0,176.0,179.0,0
145.0,143.0,140.0,139.0,143.0,148.0,154.0,161.0,166.0,174.0,180.0,181.0,183.0,180.0,187.0,194.0,198.0,204.0,206.0,206.0,205.0,203.0,207.0,215.0,222.0,231.0,238.0,242.0,244.0,245.0,0
193.0,200.0,212.0,220.0,227.0,232.0,229.0,225.0,218.0,212.0,205.0,202.0,199.0,195.0,189.0,180.0,170.0,157.0,144.0,130.0,117.0,107.0,102.0,99.0,100.0,102.0,103.0,103.0,102.0,100.0,0
211.0,214.0,216.0,217.0,216.0,214.0,214.0,214.0,212.0,210.0,208.0,212.0,222.0,221.0,218.0,212.0,199.0,191.0,191.0,193.0,195.0,189.0,186.0,180.0,173.0,167.0,165.0,152.0,140.0,136.0,0
217.0,221.0,219.0,217.0,211.0,194.0,187.0,185.0,187.0,178.0,167.0,159.0,154.0,149.0,150.0,156.0,162.0,174.0,184.0,189.0,191.0,199.0,201.0,200.0,201.0,201.0,207.0,207.0,204.0,204.0,0
162.0,159.0,161.0,163.0,165.0,165.0,167.0,170.0,173.0,186.0,192.5,189.5,187.5,184.5,183.0,194.0,214.0,213.0,222.0,231.0,236.0,234.0,227.0,223.0,220.0,221.0,221.0,220.0,218.0,215.0,0
176.0,179.0,175.0,176.0,178.0,181.0,185.0,198.0,212.0,216.0,218.0,220.0,221.0,220.0,216.0,232.0,241.0,239.0,234.0,235.0,240.0,248.0,258.0,269.0,273.0,272.0,276.0,273.0,289.0,308.0,0
207.0,202.0,212.0,218.0,230.0,238.0,242.0,254.0,269.0,273.0,274.0,271.0,267.0,260.0,262.0,267.0,287.0,295.0,300.0,318.0,300.0,280.0,275.0,250.0,226.0,215.0,208.0,201.0,203.0,216.0,0
231.0,241.0,242.0,241.0,237.0,237.0,252.0,256.0,257.0,255.0,254.0,254.0,256.0,258.0,260.0,255.0,250.0,251.0,256.0,250.0,245.0,250.0,242.0,235.0,233.0,217.0,200.0,192.0,185.0,181.0,0
199.0,191.0,193.0,202.0,213.0,225.0,228.0,217.0,212.0,213.0,213.0,217.0,224.0,223.0,222.0,223.0,226.0,220.0,212.0,212.0,208.0,224.0,238.0,254.0,262.0,267.0,269.0,273.0,263.0,246.0,0
190.0,190.0,190.0,190.0,188.0,187.0,186.0,182.0,179.0,176.0,175.0,175.0,179.0,190.0,192.0,194.0,198.0,193.0,183.0,179.0,176.0,197.0,208.0,211.0,218.0,218.0,215.0,210.0,212.0,222.0,0
190.0,188.0,168.0,154.0,142.0,130.0,119.0,120.0,126.0,124.0,120.0,108.0,100.0,90.0,69.0,53.0,42.0,40.0,48.0,58.0,71.0,83.0,93.0,106.0,117.0,128.0,132.0,136.0,143.0,140.0,0
209.0,220.0,226.0,229.0,232.0,232.0,232.0,228.0,214.0,208.0,181.0,165.0,157.0,153.0,151.0,154.0,158.0,155.0,148.0,145.0,144.0,157.0,171.0,177.0,177.0,184.0,197.0,202.0,204.0,203.0,0
132.0,127.0,125.0,124.0,122.0,125.0,124.0,125.0,132.0,138.0,141.0,141.0,141.0,145.0,146.0,147.0,148.0,139.0,135.0,134.0,140.0,153.0,159.0,170.0,178.0,182.0,182.0,184.0,185.0,192.0,0
269.0,269.0,269.0,271.0,272.0,281.0,278.0,277.0,269.0,248.0,241.0,239.0,238.0,238.0,242.0,249.0,255.0,255.0,248.0,218.0,200.0,197.0,202.0,204.0,204.0,208.0,209.0,210.0,202.0,194.0,0
86.0,87.0,88.0,89.0,90.0,92.0,93.0,95.0,96.0,98.0,100.0,100.0,103.0,104.0,105.0,104.0,106.0,111.0,117.0,124.0,128.0,136.0,144.0,153.0,162.0,169.0,174.0,182.0,191.0,205.0,0
274.0,278.0,274.0,268.0,260.0,253.0,243.0,233.0,220.0,207.0,192.0,178.0,161.0,144.0,138.0,137.0,137.0,138.0,139.0,140.0,141.0,142.0,142.0,142.0,141.0,141.0,140.0,140.0,138.0,138.0,0
257.0,255.0,257.0,262.0,265.0,268.0,255.0,247.0,242.0,237.0,231.0,225.0,219.0,215.0,213.0,215.0,225.0,230.0,226.0,223.0,203.0,182.0,168.0,157.0,142.0,126.0,116.0,111.0,112.0,113.0,0
108.0,106.0,106.0,106.0,107.0,108.0,108.0,108.0,109.0,109.0,106.0,101.0,96.0,94.0,94.0,93.0,92.0,91.0,91.0,90.0,89.0,89.0,90.0,91.0,90.0,90.0,90.0,92.0,96.0,98.0,0
216.0,204.0,193.0,173.0,164.0,160.0,161.0,164.0,167.0,171.0,173.0,174.0,178.0,181.0,182.0,180.0,179.0,182.0,187.0,192.0,194.0,196.0,199.0,199.0,203.0,209.0,212.0,215.0,218.0,220.0,0
115.0,113.0,114.0,115.0,115.0,116.0,116.0,116.0,117.0,118.0,118.0,118.0,117.0,116.0,114.0,114.0,116.0,118.0,122.0,127.0,128.0,128.0,128.0,129.0,130.0,130.0,130.0,131.0,133.0,134.0,0
162.0,168.0,175.0,182.0,184.0,182.0,180.0,175.0,173.0,177.0,186.0,190.0,189.0,188.0,192.0,199.0,201.0,204.0,208.0,213.0,221.0,226.0,232.0,227.0,220.0,219.0,205.0,195.0,190.0,187.0,0
180.0,184.0,187.0,191.0,193.0,195.0,198.0,204.0,207.0,203.0,201.0,192.0,184.0,176.0,166.0,159.0,148.0,144.0,130.0,118.0,109.0,99.0,90.0,76.0,65.0,57.0,52.0,54.0,61.0,67.0,0
196.0,189.0,186.0,190.0,194.0,183.0,167.0,153.0,154.0,158.0,145.0,135.0,126.0,116.0,106.0,86.0,82.0,86.0,89.0,88.0,87.0,83.0,79.0,76.0,68.0,63.0,62.0,63.0,64.0,66.0,0
221.0,222.0,224.0,227.0,227.0,225.0,217.0,205.0,200.0,190.0,186.0,188.0,184.0,183.0,190.0,202.0,207.0,206.0,202.0,200.0,202.0,202.0,207.0,209.0,207.0,208.0,202.0,198.0,197.0,196.0,0
207.0,219.0,222.0,221.0,233.0,241.0,251.0,265.0,270.0,269.0,270.0,276.0,280.0,281.0,271.0,259.0,251.0,246.0,240.0,237.0,236.0,233.0,226.0,227.0,219.0,220.0,222.0,212.0,165.0,150.0,0
74.0,75.0,77.0,77.0,73.0,72.0,79.0,85.0,88.0,89.0,93.0,94.0,95.0,104.0,109.0,115.0,122.0,125.0,138.0,149.0,158.0,162.0,164.0,164.0,168.0,169.0,169.0,166.0,161.0,160.0,0
174.0,174.0,172.0,167.0,162.0,158.0,152.0,148.0,151.0,155.0,163.0,175.0,191.0,207.0,214.0,217.0,218.0,216.0,215.0,217.0,214.0,211.0,205.0,199.0,198.0,199.0,198.0,194.0,188.0,187.0,0
109.0,108.0,107.0,106.0,106.0,106.0,107.0,107.0,107.0,106.0,103.0,102.0,102.0,102.0,104.0,107.0,108.0,109.0,108.0,107.0,107.0,105.0,103.0,99.0,95.0,93.0,94.0,96.0,99.0,102.0,0
124.0,136.0,134.0,132.0,130.0,129.0,128.0,128.0,128.0,128.0,129.0,129.0,130.0,131.0,131.0,131.0,130.0,130.0,131.0,133.0,134.0,136.0,137.0,138.0,140.0,144.0,145.0,145.0,144.0,143.0,0
170.0,161.0,145.0,134.0,129.0,128.0,128.0,129.0,131.0,132.0,134.0,134.0,134.0,135.0,135.0,136.0,136.0,135.0,133.0,131.0,130.0,129.0,130.0,133.0,139.0,142.0,145.0,147.0,148.0,151.0,0
304.0,297.0,283.0,273.0,266.0,259.0,253.0,247.0,248.0,236.0,226.0,220.0,210.0,200.0,188.0,174.0,161.0,154.0,155.0,167.0,173.0,161.0,156.0,127.0,119.0,72.0,73.0,75.0,76.0,77.0,0
189.0,189.0,192.0,197.0,198.0,202.0,206.0,208.0,214.0,219.0,223.0,226.0,226.0,226.0,223.0,217.0,208.0,199.0,197.0,200.0,214.0,216.0,220.0,223.0,225.0,221.0,218.0,219.0,215.0,211.0,0
264.0,266.0,267.0,269.0,272.0,269.0,264.0,253.0,246.0,243.0,242.0,239.0,232.0,231.0,230.0,231.0,237.0,242.0,243.0,242.0,240.0,235.0,234.0,232.0,229.0,228.0,226.0,221.0,218.0,217.0,0
191.0,190.0,186.0,186.0,183.0,181.0,182.0,181.0,184.0,190.0,190.0,194.0,195.0,194.0,194.0,190.0,193.0,195.0,214.0,225.0,231.0,233.0,232.0,229.0,231.0,243.0,249.0,253.0,254.0,255.0,0
226.0,224.0,223.0,226.0,219.0,220.0,227.0,220.0,213.0,206.0,199.0,193.0,185.0,179.0,181.0,195.0,207.0,213.0,216.0,206.0,200.0,193.0,190.0,196.0,198.0,202.0,208.0,208.0,208.0,191.0,0
229.0,238.0,247.0,265.0,273.0,276.0,277.0,263.0,263.0,266.0,265.0,257.0,246.0,236.0,226.0,205.0,183.0,175.0,173.0,175.0,176.0,176.0,172.0,165.0,166.0,172.0,174.0,186.0,202.0,208.0,0
99.0,91.0,89.0,91.0,100.0,120.0,125.0,125.0,121.0,119.0,121.0,121.0,122.0,123.0,121.0,122.0,124.0,132.0,137.0,138.0,138.0,135.0,130.0,132.0,138.0,147.0,155.0,157.0,154.0,150.0,0
333.0,336.0,330.0,309.0,300.0,300.0,300.0,302.0,290.0,287.0,286.0,283.0,287.0,292.0,283.0,263.0,239.0,235.0,242.0,242.0,250.0,256.0,249.0,249.0,222.0,211.0,208.0,206.0,207.0,210.0,0
75.0,75.0,73.0,73.0,75.0,78.0,82.0,86.0,92.0,97.0,104.0,112.0,122.0,131.0,142.0,152.0,161.0,171.0,180.0,195.0,209.0,219.0,230.0,236.0,254.0,279.0,293.0,301.0,307.0,309.0,0
275.0,274.0,269.0,263.0,256.0,250.0,242.0,233.0,224.0,213.0,199.0,186.0,170.0,148.0,129.0,122.0,120.0,123.0,127.0,127.0,128.0,130.0,132.0,131.0,132.0,135.0,140.0,147.0,156.0,163.0,0
312.0,312.0,312.0,311.0,308.0,302.0,294.0,285.0,281.0,282.0,283.0,285.0,283.0,274.0,268.0,263.0,254.0,247.0,245.0,246.0,243.0,238.0,233.0,227.0,218.0,202.0,190.0,185.0,184.0,188.0,0
150.0,151.0,150.0,150.0,152.0,151.0,150.0,149.0,147.0,147.0,145.0,143.0,137.0,140.0,144.0,147.0,161.0,165.0,168.0,169.0,140.0,131.0,130.0,131.0,127.0,127.0,125.0,121.0,120.0,115.0,0
123.0,128.0,137.0,147.0,145.0,142.0,103.0,108.0,115.0,118.5,117.0,122.0,121.5,129.0,136.5,144.5,155.5,162.5,166.0,169.0,159.5,163.0,168.5,174.5,178.0,181.5,183.0,182.5,179.5,180.5,0
60.0,63.0,65.0,64.0,61.0,59.0,56.0,67.0,83.0,90.0,89.0,101.0,106.0,118.0,129.0,142.0,150.0,160.0,164.0,169.0,179.0,195.0,207.0,218.0,229.0,236.0,241.0,244.0,239.0,246.0,0
230.0,230.0,229.0,223.0,222.0,223.0,224.0,234.0,239.0,245.0,241.0,230.0,225.0,234.0,144.5,153.0,157.0,257.0,266.0,278.0,291.0,296.0,294.0,291.0,282.0,272.0,254.0,239.0,226.0,212.0,0
124.0,118.0,114.0,117.0,124.0,127.0,129.0,126.0,125.0,128.0,130.0,134.0,143.0,152.0,160.0,164.0,164.0,163.0,162.0,162.0,162.0,151.0,147.0,147.0,146.0,146.0,149.0,149.0,154.0,158.0,0
99.0,104.0,116.0,133.0,145.0,150.0,155.0,162.0,163.0,161.0,150.0,137.0,126.0,110.0,89.0,72.0,65.0,63.0,71.0,80.0,87.0,144.0,145.5,151.0,156.0,98.0,99.0,92.0,81.0,68.0,0
209.0,213.0,214.0,217.0,211.0,207.0,210.0,201.0,192.0,179.0,158.0,146.0,145.0,148.0,148.0,148.0,151.0,151.0,149.0,141.0,134.0,137.0,144.0,155.0,166.0,173.0,172.0,164.0,166.0,176.0,0
133.0,136.0,139.0,143.0,147.0,148.0,146.0,143.0,143.0,149.0,156.0,161.0,160.0,157.0,155.0,154.0,158.0,163.0,165.0,164.0,161.0,159.0,155.0,154.0,154.0,153.0,150.0,142.0,144.0,152.0,0
155.0,157.0,159.0,159.0,159.0,161.0,160.0,158.0,159.0,153.0,144.0,137.0,135.0,135.0,142.0,148.0,151.0,154.0,159.0,164.0,168.0,176.0,187.0,196.0,208.0,215.0,216.0,217.0,216.0,214.0,0
94.0,75.0,62.0,58.0,60.0,59.0,61.0,61.0,63.0,68.0,70.0,72.0,76.0,83.0,90.0,96.0,104.0,112.0,121.0,131.0,149.0,161.0,166.0,162.0,145.0,132.0,122.0,121.0,127.0,139.0,0
180.0,184.0,188.0,190.0,191.0,190.0,185.0,176.0,169.0,163.0,156.0,150.0,143.0,132.0,125.0,122.0,120.0,119.0,117.0,115.0,113.0,110.0,108.0,105.0,103.0,102.0,101.0,100.0,99.0,98.0,0
142.0,134.0,131.0,115.0,107.0,104.0,103.0,101.0,101.0,99.0,95.0,92.0,90.0,88.0,86.0,85.0,84.0,84.0,85.0,85.0,84.0,80.0,76.0,74.0,73.0,72.0,73.0,75.0,75.0,74.0,0
132.0,139.0,145.0,147.0,147.0,152.0,155.0,155.0,156.0,154.0,150.0,143.0,137.0,134.0,129.0,123.0,120.0,118.0,116.0,114.0,112.0,111.0,113.0,112.0,116.0,120.0,121.0,124.0,129.0,134.0,0
251.0,255.0,253.0,249.0,244.0,242.0,250.0,251.0,250.0,254.0,259.0,264.0,267.0,266.0,263.0,256.0,252.0,251.0,251.0,252.0,237.0,225.0,213.0,204.0,198.0,196.0,196.0,193.0,192.0,192.0,0
119.0,116.0,125.0,128.0,137.0,143.0,148.0,156.0,161.0,164.0,146.0,142.0,151.0,161.0,168.0,179.0,192.0,202.0,212.0,218.0,230.0,246.0,257.0,262.0,264.0,266.0,265.0,264.0,263.0,252.0,0
235.0,231.0,228.0,224.0,219.0,218.0,220.0,217.0,218.0,207.0,194.0,178.0,164.0,157.0,154.0,156.0,157.0,158.0,142.0,139.0,146.0,143.0,142.0,137.0,125.0,115.0,107.0,110.0,122.0,142.0,0
101.0,111.0,119.0,129.0,135.0,135.0,137.0,136.0,137.0,141.0,136.0,134.0,133.0,128.0,122.0,118.0,124.0,135.0,138.0,138.0,130.0,123.0,126.0,137.0,141.0,127.0,114.0,105.0,89.0,86.0,0
53.0,60.0,65.0,73.0,78.0,87.0,97.0,102.0,114.0,125.0,127.0,122.0,130.0,144.0,158.0,161.0,160.0,170.0,176.0,176.0,179.0,181.0,179.0,170.0,176.0,186.0,181.0,177.0,179.0,163.0,0
197.0,187.0,175.0,164.0,152.0,139.0,128.0,117.0,107.0,97.0,79.0,70.0,67.0,68.0,71.0,75.0,80.0,80.0,74.0,67.0,58.0,51.0,48.0,45.0,43.0,43.0,45.0,52.0,56.0,58.0,0
156.0,153.0,155.0,161.0,166.0,168.0,169.0,173.0,176.0,178.0,187.0,189.0,189.0,188.0,188.0,187.0,189.0,192.0,193.0,196.0,191.0,188.0,186.0,173.0,146.0,144.0,146.0,151.0,157.0,157.0,0
169.0,170.0,170.0,171.0,167.0,165.0,170.0,166.0,159.0,159.0,141.0,124.0,120.0,120.0,122.0,121.0,121.0,119.0,119.0,120.0,119.0,118.0,118.0,118.0,119.0,119.0,118.0,117.0,115.0,113.0,0
90.0,77.0,79.0,86.0,101.0,104.0,99.0,88.0,82.0,72.0,62.0,65.0,78.0,95.0,100.0,92.0,85.0,85.0,85.0,68.0,58.0,54.0,54.0,54.0,63.0,74.0,87.0,111.0,118.0,123.0,0
246.0,248.0,250.0,247.0,245.0,250.0,254.0,263.0,275.0,286.0,293.0,298.0,300.0,296.0,291.0,287.0,280.0,285.0,289.0,290.0,277.0,259.0,244.0,230.0,212.0,199.0,188.0,165.0,150.0,147.0,0
224.0,219.0,213.0,202.0,192.0,172.0,157.0,146.0,140.0,136.0,137.0,138.0,266.0,138.0,131.0,122.0,117.0,113.0,115.0,116.0,115.0,115.0,116.0,118.0,113.0,107.0,104.0,106.0,108.0,108.0,0
274.0,277.0,275.0,273.0,269.0,263.0,261.0,257.0,251.0,248.0,236.0,232.0,232.0,231.0,228.0,226.0,226.0,225.0,227.0,227.0,223.0,224.0,227.0,221.0,219.0,209.0,196.0,181.0,165.0,146.0,0
71.0,68.0,67.0,67.0,67.0,67.0,68.0,68.0,69.0,70.0,72.0,74.0,76.0,81.0,84.0,87.0,90.0,94.0,98.0,101.0,105.0,106.0,109.0,113.0,118.0,124.0,130.0,135.0,142.0,151.0,0
65.0,66.0,66.0,67.0,67.0,70.0,73.0,71.0,65.0,59.0,58.0,58.0,59.0,60.0,59.0,55.0,55.0,55.0,57.0,58.0,59.0,59.0,60.0,62.0,64.0,68.0,74.0,80.0,86.0,89.0,0
203.0,200.0,191.0,190.0,192.0,194.0,195.0,201.0,204.0,203.0,207.0,209.0,205.0,195.0,185.0,179.0,180.0,182.0,178.0,184.0,187.0,196.0,203.0,207.0,215.0,228.0,241.0,248.0,249.0,112.5,0
164.0,155.0,153.0,155.0,154.0,145.0,141.0,137.0,134.0,135.0,136.0,142.0,152.0,161.0,171.0,180.0,187.0,190.0,190.0,191.0,184.0,179.0,188.0,188.0,189.0,185.0,175.0,164.0,148.0,136.0,0
40.0,40.0,40.0,44.0,45.0,58.0,68.0,79.0,97.0,109.0,116.0,131.0,138.0,141.0,143.0,159.0,170.0,179.0,184.0,180.0,193.0,212.0,221.5,226.0,230.5,230.5,207.0,201.0,211.0,216.0,0
199.0,200.0,200.0,202.0,208.0,214.0,219.0,223.0,227.0,232.0,235.0,232.0,226.0,219.0,215.0,214.0,215.0,214.0,219.0,227.0,228.0,245.0,255.0,264.0,272.0,276.0,280.0,281.0,280.0,271.0,0
91.0,92.0,94.0,95.0,95.0,99.0,101.0,99.0,97.0,96.0,98.0,97.0,97.0,86.0,81.0,83.0,87.0,91.0,93.0,92.0,92.0,91.0,92.0,92.0,90.0,93.0,94.0,93.0,91.0,86.0,0
237.0,234.0,226.0,217.0,210.0,208.0,207.0,205.0,205.0,211.0,218.0,224.0,221.0,215.0,210.0,205.0,195.0,183.0,169.0,156.0,147.0,141.0,135.0,126.0,119.0,114.0,105.0,86.0,70.0,65.0,0
113.0,116.0,119.0,116.0,125.0,132.0,133.0,133.0,133.0,133.0,128.0,127.0,123.0,124.0,123.0,120.0,116.0,113.0,116.0,115.0,117.0,121.0,126.0,121.0,117.0,124.0,136.0,136.0,140.0,148.0,0
110.0,116.0,126.0,133.0,136.0,136.0,136.0,179.0,175.5,175.5,172.5,168.5,167.0,172.0,171.5,166.0,169.0,173.5,177.0,170.5,162.5,160.0,157.0,147.5,143.5,147.0,153.5,155.0,158.5,163.5,0
269.0,259.0,252.0,247.0,242.0,235.0,232.0,225.0,218.0,218.0,217.0,210.0,211.0,220.0,220.0,212.0,222.0,234.0,238.0,226.0,208.0,199.0,188.0,174.0,170.0,170.0,171.0,174.0,177.0,179.0,0
250.0,246.0,252.0,275.0,286.0,292.0,294.0,282.0,278.0,275.0,274.0,273.0,271.0,269.0,253.0,242.0,225.0,217.0,215.0,209.0,198.0,191.0,188.0,192.0,194.0,194.0,188.0,186.0,185.0,184.0,0
225.0,214.0,203.0,187.0,174.0,163.0,155.0,140.0,134.0,132.0,126.0,119.0,116.0,118.0,120.0,113.0,110.0,109.0,106.0,105.0,104.0,106.0,108.0,108.0,106.0,101.0,93.0,88.0,85.0,83.0,0
92.0,92.0,96.0,99.0,98.0,96.0,96.0,98.0,100.0,98.0,95.0,90.0,85.0,77.0,73.0,74.0,78.0,77.0,73.0,68.0,63.0,69.0,80.0,93.0,100.0,103.0,104.0,105.0,102.0,96.0,0
194.0,194.0,189.0,183.0,177.0,177.0,184.0,189.0,193.0,192.0,195.0,201.0,207.0,216.0,224.0,230.0,236.0,245.0,255.0,262.0,265.0,264.0,265.0,271.0,281.0,285.0,278.0,279.0,262.0,249.0,0
97.0,96.0,98.0,100.0,103.0,106.0,111.0,116.0,120.0,124.0,125.0,126.0,125.0,125.0,128.0,128.0,137.0,142.0,146.0,148.0,149.0,153.0,165.0,171.0,173.0,174.0,175.0,177.0,181.0,177.0,0
371.0,372.0,371.0,376.0,369.0,365.0,362.0,358.0,349.0,342.0,335.0,327.0,323.0,317.0,306.0,307.0,309.0,295.0,283.0,279.0,251.0,229.0,209.0,192.0,170.0,159.0,153.0,143.0,135.0,128.0,0
274.3333333333333,275.6666666666667,275.0,278.3333333333333,273.0,270.0,268.0,265.0,258.6666666666667,74.0,73.0,74.0,77.0,83.0,87.0,88.0,87.0,81.0,78.0,81.0,79.0,89.0,97.0,105.0,107.0,117.0,127.0,137.0,146.0,153.0,0
177.66666666666666,179.33333333333334,179.0,180.66666666666666,177.0,175.0,174.0,172.0,168.33333333333334,77.0,77.0,196.0,203.0,196.0,174.0,164.0,169.0,168.0,151.0,148.0,152.0,164.0,94.5,99.0,101.0,107.5,114.5,122.0,128.0,132.5,0
81.0,83.0,83.0,83.0,81.0,80.0,80.0,79.0,78.0,80.0,81.0,82.0,83.0,84.0,85.0,86.0,87.0,89.0,90.0,90.0,91.0,91.0,92.0,93.0,95.0,98.0,102.0,107.0,110.0,112.0,0
238.0,236.0,234.0,233.0,236.0,238.0,244.0,248.0,249.0,250.0,248.0,249.0,258.0,272.0,279.0,282.0,142.5,283.0,281.0,278.0,271.0,256.0,234.0,228.0,230.0,216.0,210.0,209.0,206.0,207.0,0
144.0,147.0,149.0,152.0,153.0,157.0,164.0,172.0,186.0,188.0,184.0,185.0,189.0,193.0,195.0,196.0,198.0,200.0,201.0,200.0,199.0,197.0,194.0,194.0,191.0,189.0,190.0,191.0,191.0,192.0,0
109.0,116.0,119.0,121.0,122.0,122.0,126.0,129.0,131.0,130.0,125.0,125.0,124.0,122.0,121.0,121.0,124.0,127.0,125.0,127.0,130.0,136.0,144.0,150.0,156.0,160.0,170.0,180.0,186.0,196.0,0
144.0,151.0,154.0,162.0,170.0,176.0,181.0,188.0,199.0,207.0,213.0,220.0,220.0,218.0,216.0,206.0,200.0,191.0,184.0,178.0,166.0,157.0,151.0,142.0,139.0,141.0,141.0,139.0,135.0,131.0,0
144.0,51.0,40.0,40.0,40.0,40.0,52.0,65.0,78.0,90.0,106.0,120.0,134.0,148.0,159.0,175.0,193.0,210.0,231.0,248.0,260.0,275.0,290.0,310.0,344.0,355.0,361.0,345.0,341.0,342.0,0
252.0,255.0,258.0,260.0,262.0,265.0,268.0,271.0,271.0,272.0,272.0,273.0,274.0,275.0,275.0,274.0,273.0,275.0,282.0,289.0,292.0,292.0,286.0,282.0,283.0,282.0,282.0,285.0,288.0,292.0,0
144.0,145.0,147.0,148.0,149.0,149.0,150.0,153.0,159.0,164.0,166.0,162.0,156.0,153.0,154.0,159.0,161.0,164.0,169.0,174.0,179.0,182.0,184.0,186.0,194.0,201.0,205.0,204.0,199.0,200.0,0
165.0,165.0,164.0,166.0,167.0,167.0,174.0,182.0,186.0,187.0,184.0,192.0,204.0,212.0,221.0,220.0,213.0,207.0,191.0,180.0,171.0,164.0,153.0,143.0,140.0,140.0,138.0,126.0,117.0,105.0,0
143.0,151.0,152.5,154.0,155.5,154.5,158.0,178.0,162.0,150.0,146.0,148.0,153.0,154.0,148.0,141.0,144.0,148.0,154.0,162.0,173.0,190.0,196.0,198.0,200.0,206.0,210.0,215.0,218.0,216.0,0
121.0,137.0,141.0,142.0,144.0,142.0,142.0,141.0,139.0,138.0,137.0,135.0,133.0,131.0,131.0,130.0,130.0,129.0,128.0,127.0,126.0,125.0,127.0,129.0,131.0,132.0,132.0,128.0,126.0,129.0,0
163.0,161.0,162.0,162.0,163.0,162.0,163.0,162.0,156.0,146.0,171.0,180.0,177.0,170.0,179.0,192.0,199.0,202.0,203.0,203.0,203.0,203.0,200.0,194.0,186.0,173.0,174.0,176.0,174.0,175.0,0
75.0,78.0,80.0,85.0,92.0,99.0,110.0,119.0,136.0,147.0,157.0,164.0,180.0,184.0,167.0,161.0,162.0,162.0,165.0,171.0,175.0,175.0,178.0,182.0,183.0,186.0,176.0,168.0,164.0,161.0,0
139.0,139.0,137.0,136.0,138.0,140.0,141.0,143.0,144.0,144.0,144.0,145.0,147.0,150.0,151.0,150.0,148.0,145.0,145.0,145.0,148.0,152.0,157.0,158.0,159.0,162.0,164.0,165.0,164.0,165.0,0
104.0,107.0,106.0,103.0,102.0,102.0,100.0,98.0,96.0,95.0,93.0,91.0,90.0,92.0,95.0,102.0,100.0,102.0,111.0,115.0,114.0,109.0,112.0,118.0,126.0,134.0,138.0,141.0,144.0,147.0,0
121.0,128.0,134.0,149.0,161.0,167.0,167.0,161.0,150.0,135.0,122.0,120.5,117.0,116.0,116.5,121.0,122.0,126.5,136.5,143.0,147.5,53.0,55.0,59.0,64.0,71.0,79.0,84.0,89.0,96.0,0
150.0,148.0,147.0,145.0,141.0,138.0,137.0,139.0,143.0,148.0,151.0,150.0,144.0,140.0,138.0,140.0,144.0,151.0,162.0,171.0,181.0,188.0,188.0,180.0,171.0,163.0,154.0,145.0,135.0,127.0,0
136.0,129.0,125.0,115.0,104.0,96.0,84.0,62.0,46.0,40.0,40.0,43.0,46.0,49.0,58.0,71.0,85.0,91.0,89.0,80.0,76.0,77.0,93.0,112.0,121.0,128.0,126.0,122.0,112.0,93.0,0
49.0,54.0,54.0,56.0,62.0,66.0,69.0,76.0,79.0,88.0,95.0,101.0,115.0,130.0,149.0,152.0,145.0,140.0,152.0,162.0,168.0,178.0,197.0,211.0,217.0,215.0,218.0,217.0,223.0,237.0,0
140.0,135.0,135.0,138.0,139.0,139.0,138.0,137.0,137.0,136.0,135.0,137.0,138.0,138.0,140.0,144.0,142.0,142.0,143.0,142.0,141.0,138.0,134.0,131.0,129.0,121.0,117.0,114.0,114.0,118.0,0
174.0,176.0,175.0,176.0,179.0,187.0,190.0,190.0,189.0,189.0,186.0,187.0,194.0,196.0,193.0,175.0,171.0,176.0,184.0,184.0,179.0,173.0,166.0,161.0,152.0,144.0,139.0,129.0,118.0,111.0,0
155.0,163.0,165.0,168.0,168.0,167.0,180.0,193.0,198.0,190.0,185.0,187.0,190.0,195.0,201.0,203.0,190.0,187.0,188.0,189.0,190.0,189.0,187.0,188.0,188.0,188.0,187.0,193.0,198.0,201.0,0
400.0,400.0,400.0,400.0,400.0,400.0,400.0,400.0,400.0,400.0,400.0,400.0,400.0,400.0,400.0,400.0,400.0,400.0,400.0,396.0,398.0,400.0,394.0,381.0,364.0,357.0,356.0,362.0,363.0,364.0,0
195.0,193.0,197.0,205.0,212.0,224.0,234.0,240.0,244.0,249.0,251.0,248.0,242.0,232.0,237.0,244.0,242.0,236.0,222.0,210.0,200.0,193.0,187.0,186.0,182.0,182.0,180.0,174.0,166.0,159.0,0
220.0,214.0,207.0,200.0,194.0,196.0,203.0,217.0,231.0,236.0,234.0,227.0,212.0,198.0,187.0,176.0,166.0,158.0,148.0,140.0,134.0,129.0,124.0,119.0,119.0,117.0,115.0,113.0,98.0,90.0,0
95.0,92.0,89.0,87.0,97.0,103.0,104.0,103.0,101.0,102.0,106.0,104.0,109.0,112.0,112.0,116.0,120.0,123.0,127.0,136.0,144.0,148.0,152.0,152.0,157.0,162.0,161.0,161.0,159.0,162.0,0
122.0,117.0,113.5,111.5,162.0,170.0,180.0,200.0,203.0,199.0,210.0,216.0,222.0,228.0,230.0,234.0,238.0,237.0,240.0,240.0,241.0,241.0,244.0,249.0,250.0,247.0,250.0,265.0,279.0,283.0,0
149.0,142.0,138.0,136.0,134.0,130.0,127.0,121.0,115.0,109.0,106.0,104.0,103.0,102.0,101.0,100.0,97.0,100.0,100.0,102.0,106.0,110.0,115.0,119.0,126.0,136.0,149.0,153.0,152.0,164.0,0
287.0,287.0,285.0,284.0,277.0,274.0,273.0,270.0,274.0,279.0,274.0,266.0,259.0,256.0,256.0,257.0,260.0,258.0,247.0,245.0,245.0,247.0,244.0,245.0,250.0,254.0,253.0,246.0,233.0,222.0,0
159.0,162.0,162.0,159.0,152.0,144.0,146.0,151.0,166.0,175.0,180.0,183.0,186.0,185.0,185.0,181.0,177.0,176.0,160.0,152.0,143.0,141.0,130.0,121.0,107.0,94.0,78.0,71.0,68.0,72.0,0
186.0,188.0,188.0,184.0,179.0,175.0,173.0,173.0,175.0,179.0,181.0,181.0,177.0,168.0,165.0,154.0,138.0,125.0,111.0,98.0,90.0,84.0,77.0,61.0,57.0,54.0,50.0,45.0,47.0,54.0,0
188.0,189.0,190.0,193.0,193.0,194.0,186.0,170.0,163.0,160.0,163.0,172.0,180.0,182.0,171.0,160.0,152.0,148.0,148.0,149.0,151.0,154.0,158.0,160.0,156.0,145.0,141.0,150.0,160.0,163.0,0
106.0,108.0,109.0,110.0,110.0,111.0,111.0,111.0,110.0,111.0,116.0,124.0,132.0,135.0,134.0,129.0,134.0,140.0,144.0,152.0,164.0,171.0,173.0,174.0,175.0,177.0,179.0,180.0,180.0,177.0,0
159.0,167.0,177.0,187.0,195.0,201.0,206.0,210.0,211.0,211.0,212.0,214.0,221.0,226.0,225.0,225.0,216.0,204.0,189.0,183.0,183.0,183.0,180.0,180.0,181.0,181.0,183.0,183.0,181.0,177.0,0
159.0,164.5,170.5,177.0,182.0,186.0,189.5,192.0,192.5,193.5,195.0,197.0,154.0,156.0,158.0,158.0,155.0,153.0,151.0,149.0,148.0,149.0,151.0,153.0,152.0,151.0,150.0,150.0,150.0,151.0,0
159.0,162.0,164.0,167.0,169.0,171.0,173.0,174.0,174.0,176.0,178.0,180.0,180.0,178.0,174.0,170.0,167.0,165.0,168.0,171.0,173.0,174.0,176.0,178.0,181.0,185.0,185.0,181.0,175.0,171.0,0
143.0,143.0,142.0,139.0,152.0,140.0,133.0,120.0,108.0,98.0,94.0,96.0,93.0,91.0,89.0,93.0,99.0,105.0,114.0,122.0,131.0,143.0,153.0,161.0,160.0,164.0,166.0,167.0,197.0,199.0,0
150.0,139.0,132.0,122.0,114.0,107.0,98.0,93.0,88.0,70.0,63.0,62.0,76.0,82.0,83.0,85.0,96.0,102.0,100.0,94.0,105.0,114.0,120.0,130.0,142.0,156.0,171.0,177.0,179.0,187.0,0
176.0,182.0,189.0,189.0,185.0,176.0,172.0,180.0,193.0,203.0,208.0,205.0,195.0,182.0,175.0,171.0,172.0,180.0,180.0,175.0,155.0,146.0,143.0,147.0,161.0,165.0,171.0,173.0,172.0,170.0,0
145.0,145.0,146.0,147.0,149.0,150.0,151.0,150.0,150.0,150.0,152.0,153.0,152.0,149.0,147.0,148.0,149.0,148.0,148.0,149.0,151.0,153.0,154.0,154.0,154.0,156.0,157.0,158.0,161.0,161.0,0
180.0,181.0,186.0,192.0,196.0,201.0,205.0,211.0,213.0,211.0,211.0,204.0,199.0,195.0,193.0,193.0,191.0,188.0,187.0,184.0,181.0,181.0,180.0,179.0,178.0,175.0,173.0,173.0,175.0,179.0,0
149.0,154.0,161.0,172.0,178.0,181.0,192.0,192.0,182.0,173.0,166.0,165.0,170.0,192.0,199.0,203.0,212.0,215.0,218.0,229.0,233.0,221.0,215.0,207.0,193.0,179.0,175.0,176.0,174.0,169.0,0
136.0,139.0,141.0,150.0,157.0,161.0,165.0,168.0,168.0,169.0,168.0,164.0,165.0,146.0,136.0,133.0,132.0,135.0,136.0,136.0,145.0,149.0,150.0,151.0,156.0,162.0,163.0,163.0,166.0,166.0,0
177.0,173.0,173.0,168.0,162.0,158.0,153.0,147.0,139.0,134.0,132.0,127.0,121.0,118.0,116.0,113.0,116.0,117.0,118.0,118.0,121.0,126.0,129.0,137.0,139.0,138.0,126.0,119.0,119.0,121.0,0
236.0,219.0,207.0,196.0,185.0,169.0,154.0,140.0,128.0,119.0,106.0,90.0,82.0,77.0,76.0,83.0,87.0,90.0,92.0,91.0,95.0,106.0,117.0,115.0,128.0,151.0,165.0,172.0,167.0,158.0,0
158.0,161.0,163.0,162.0,161.0,160.0,159.0,158.0,157.0,155.0,154.0,152.0,152.0,151.0,151.0,152.0,153.0,155.0,156.0,157.0,157.0,158.0,160.0,161.0,164.0,167.0,171.0,176.0,182.0,189.0,0
168.0,170.0,172.0,173.0,169.0,167.0,165.0,163.0,162.0,161.0,158.0,155.0,155.0,156.0,156.0,160.0,159.0,155.0,149.0,140.0,129.0,118.0,98.0,74.0,67.0,65.0,65.0,65.0,68.0,71.0,0
252.0,243.0,235.0,223.0,212.0,203.0,177.0,170.0,168.0,153.0,144.0,142.0,144.0,149.0,153.0,150.0,138.0,129.0,121.0,120.0,125.0,134.0,151.0,162.0,167.0,166.0,170.0,174.0,179.0,187.0,0
166.0,171.0,169.0,170.0,184.0,194.0,188.0,178.0,172.0,146.0,136.0,135.0,142.0,144.0,144.0,131.0,112.0,101.0,99.0,96.0,95.0,96.0,90.0,88.0,87.0,81.0,76.0,78.0,82.0,88.0,0
150.0,151.0,149.0,146.0,143.0,143.0,144.0,145.0,143.0,141.0,139.0,137.0,136.0,135.0,133.0,131.0,129.0,127.0,127.0,128.0,128.0,127.0,125.0,125.0,126.0,126.0,124.0,121.0,113.0,109.0,0
155.0,154.0,155.0,155.0,154.0,151.0,149.0,147.0,145.0,147.0,144.0,145.0,134.0,121.0,114.0,107.0,97.0,88.0,83.0,79.0,76.0,75.0,78.0,82.0,86.0,87.0,86.0,87.0,87.0,88.0,0
293.0,291.0,291.0,293.0,292.0,290.0,284.0,280.0,280.0,279.0,276.0,272.0,267.0,260.0,257.0,251.0,245.0,240.0,237.0,226.0,214.0,199.0,183.0,167.0,141.0,127.0,122.0,125.0,131.0,136.0,0
88.0,95.0,100.0,107.0,117.0,127.0,131.0,131.0,133.0,138.0,141.0,145.0,149.0,151.0,156.0,162.0,170.0,177.0,181.0,184.0,186.0,187.0,191.0,194.0,202.0,208.0,209.0,207.0,205.0,206.0,0
150.0,152.0,154.0,155.0,159.0,160.0,161.0,163.0,166.0,173.0,177.0,183.0,187.0,191.0,194.0,197.0,196.0,191.0,191.0,191.0,187.0,182.0,173.0,168.0,165.0,163.0,163.0,164.0,162.0,162.0,0
137.0,145.0,153.0,162.0,169.0,173.0,181.0,189.0,195.0,199.0,205.0,209.0,219.0,232.0,241.0,241.0,236.0,238.0,243.0,255.0,265.0,273.0,281.0,276.0,277.0,266.0,243.0,236.0,234.0,223.0,0
254.0,254.0,252.0,252.0,255.0,259.0,261.0,261.0,262.0,263.0,251.0,224.0,230.0,235.0,237.0,238.0,239.0,239.0,240.0,241.0,243.0,234.0,210.0,208.0,209.0,211.0,216.0,218.0,220.0,219.0,0
104.0,102.0,101.0,100.0,99.0,98.0,98.0,98.0,102.0,107.0,110.0,112.0,115.0,118.0,122.0,126.0,129.0,131.0,129.0,124.0,118.0,113.0,109.0,104.0,100.0,97.0,96.0,95.0,95.0,94.0,0
155.0,156.0,155.0,150.0,142.0,134.0,123.0,101.0,95.0,97.0,100.0,100.0,97.0,88.0,82.0,77.0,77.0,81.0,86.0,99.0,105.0,109.0,113.0,119.0,120.0,121.0,124.0,126.0,128.0,130.0,0
142.0,137.0,138.0,141.0,142.0,138.0,129.0,121.0,117.0,109.0,104.0,101.0,94.0,88.0,84.0,223.0,219.5,220.0,221.5,229.5,235.0,240.0,243.5,249.5,252.0,252.0,252.0,127.0,123.0,119.0,0
364.0,371.0,375.0,344.0,350.0,354.0,355.0,356.0,363.0,366.0,368.0,363.0,351.0,342.0,351.0,369.0,362.0,359.0,357.0,360.0,365.0,371.0,374.0,380.0,384.0,383.0,380.0,368.0,357.0,357.0,0
237.0,240.0,238.0,237.0,237.0,227.0,224.0,214.0,205.0,196.0,189.0,185.0,178.0,165.0,146.0,132.0,122.0,116.0,112.0,111.0,114.0,116.0,118.0,118.0,120.0,120.0,120.0,118.0,116.0,115.0,0
160.0,157.0,142.0,128.0,119.0,111.0,108.0,106.0,93.0,84.0,79.0,77.0,78.0,81.0,86.0,90.0,92.0,91.0,89.0,89.0,88.0,90.0,95.0,99.0,109.0,120.0,128.0,135.0,137.0,137.0,0
177.0,172.0,167.0,163.0,154.0,145.0,135.0,126.0,118.0,109.0,96.0,88.0,84.0,80.0,74.0,70.0,66.0,63.0,62.0,66.0,69.0,74.0,79.0,81.0,84.0,85.0,88.0,93.0,102.0,108.0,0
150.0,148.0,148.0,146.0,147.0,149.0,149.0,146.0,143.0,137.0,137.0,137.0,142.0,148.0,154.0,162.0,173.0,186.0,199.0,205.0,209.0,212.0,217.0,220.0,215.0,212.0,211.0,207.0,202.0,195.0,0
173.0,173.0,171.5,175.5,176.5,172.0,167.5,164.0,159.5,155.5,153.5,152.5,156.5,167.5,172.0,176.0,183.5,189.5,194.5,196.5,197.0,196.0,196.5,197.5,198.5,149.0,156.0,160.0,169.0,171.0,0
196.0,198.0,195.0,205.0,206.0,195.0,186.0,182.0,176.0,174.0,170.0,168.0,171.0,187.0,190.0,190.0,194.0,193.0,190.0,188.0,185.0,180.0,176.0,175.0,182.0,186.0,181.0,169.0,162.0,160.0,0
164.0,163.0,159.0,164.0,169.0,172.0,182.0,193.0,193.0,194.0,195.0,179.0,170.0,167.0,173.0,178.0,169.0,157.0,151.0,155.0,159.0,166.0,171.0,161.0,158.0,156.0,156.0,159.0,164.0,174.0,0
195.0,191.0,190.0,192.0,188.0,171.0,161.0,150.0,140.0,138.0,122.0,107.0,87.0,73.0,67.0,68.0,73.0,76.0,73.0,77.0,87.0,100.0,105.0,103.0,107.0,114.0,117.0,117.0,121.0,123.0,0
255.0,251.0,244.0,233.0,226.0,211.0,193.0,176.0,162.0,148.0,136.0,128.0,122.0,116.0,105.0,83.0,66.0,57.0,47.0,49.0,56.0,60.0,75.0,91.0,105.0,120.0,136.0,157.0,175.0,185.0,0
209.0,215.0,221.0,227.0,237.0,247.0,258.0,265.0,267.0,270.0,275.0,281.0,292.0,301.0,307.0,312.0,314.0,316.0,317.0,319.0,320.0,324.0,329.0,333.0,335.0,333.0,328.0,323.0,315.0,308.0,0
157.0,155.0,157.0,152.0,151.0,140.0,121.0,111.0,106.0,103.0,103.0,103.0,104.0,114.0,248.0,253.0,260.0,143.0,146.0,148.0,151.0,152.0,150.0,146.0,147.0,150.0,153.0,156.0,157.0,159.0,0
131.0,126.0,130.0,131.0,140.0,144.0,150.0,153.0,156.0,166.0,174.0,186.0,189.0,194.0,189.0,194.0,206.0,222.0,234.0,251.0,259.0,264.0,265.0,269.0,274.0,277.0,267.0,266.0,263.0,260.0,0
249.0,247.0,253.0,121.0,120.5,117.5,114.0,109.5,106.5,109.5,111.5,115.5,115.0,173.0,156.0,141.0,129.0,115.0,104.0,89.0,77.0,71.0,69.0,72.0,77.0,80.0,83.0,86.0,89.0,90.0,0
141.0,130.0,121.0,111.0,101.0,91.0,78.0,66.0,57.0,53.0,49.0,45.0,41.0,41.0,43.0,48.0,54.0,62.0,72.0,84.0,99.0,118.0,132.0,147.0,158.0,160.0,161.0,163.0,152.0,149.0,0
169.0,156.0,142.0,139.0,122.0,106.0,84.0,72.0,64.0,67.0,77.0,85.0,89.0,94.0,96.0,101.0,107.0,110.0,115.0,120.0,121.0,123.0,124.0,130.0,129.0,131.0,130.0,126.0,132.0,133.0,0
108.0,91.0,73.0,65.0,63.0,63.0,72.0,76.0,75.0,77.0,81.0,83.0,83.0,87.0,88.0,88.0,88.0,89.0,90.0,91.0,92.0,94.0,99.0,104.0,107.0,111.0,114.0,117.0,118.0,115.0,0
181.0,170.0,158.0,140.0,131.0,126.0,123.0,123.0,126.0,130.0,132.0,133.0,135.0,139.0,144.0,151.0,157.0,163.0,167.0,165.0,159.0,152.0,137.0,107.0,88.0,79.0,72.0,71.0,75.0,82.0,0
214.0,210.0,202.0,195.0,187.0,176.0,157.0,146.0,139.0,139.0,147.0,157.0,166.0,173.0,176.0,168.0,164.0,160.0,154.0,148.0,135.0,122.0,114.0,110.0,115.0,121.0,125.0,128.0,129.0,120.0,0
223.0,220.0,215.0,214.0,218.0,214.0,208.0,202.0,186.0,179.0,173.0,163.0,152.0,142.0,131.0,115.0,103.0,96.0,91.0,87.0,89.0,95.0,99.0,102.0,106.0,113.0,120.0,126.0,131.0,135.0,0
141.0,138.0,137.0,136.0,135.0,135.0,134.0,132.0,129.0,129.0,121.0,107.0,99.0,95.0,94.0,94.0,93.0,92.0,90.0,85.0,82.0,82.0,83.0,86.0,91.0,98.0,104.0,105.0,103.0,100.0,0
79.0,79.0,79.0,84.0,92.0,102.0,109.0,117.0,119.0,119.0,112.0,104.0,97.0,88.0,80.0,73.0,71.0,75.0,80.0,85.0,91.0,98.0,108.0,118.0,125.0,128.0,128.0,130.0,131.0,129.0,0
91.0,96.0,96.0,98.0,99.0,101.0,101.0,95.0,84.0,77.0,73.0,68.0,68.0,70.0,75.0,77.0,86.0,97.0,105.0,118.0,130.0,147.0,165.0,188.0,206.0,224.0,242.0,259.0,270.0,286.0,0
311.0,309.0,305.0,299.0,293.0,287.0,278.0,271.0,264.0,255.0,245.0,216.0,205.0,194.0,186.0,175.0,166.0,155.0,144.0,134.0,122.0,107.0,95.0,88.0,85.0,85.0,82.0,78.0,75.0,77.0,0
187.0,184.0,178.0,172.0,169.0,168.0,170.0,172.0,172.0,168.0,167.0,167.0,163.0,162.0,159.0,156.0,152.0,147.0,142.0,135.0,135.0,135.0,124.0,110.0,96.0,89.0,84.0,79.0,79.0,82.0,0
180.0,195.0,201.0,204.0,203.0,202.0,203.0,203.0,201.0,202.0,196.0,190.0,188.0,181.0,176.0,176.0,173.0,171.0,169.0,167.0,165.0,163.0,164.0,172.0,180.0,185.0,184.0,180.0,180.0,181.0,0
178.0,184.0,189.0,191.0,191.0,194.0,195.0,199.0,211.0,216.0,218.0,221.0,218.0,211.0,203.0,193.0,189.0,188.0,185.0,185.0,185.0,182.0,181.0,186.0,194.0,198.0,194.0,192.0,183.0,172.0,0
132.0,132.0,129.0,126.0,124.0,123.0,123.0,124.0,126.0,127.0,127.0,128.0,129.0,131.0,132.0,134.0,138.0,140.0,142.0,146.0,148.0,151.0,153.0,152.0,151.0,149.0,146.0,141.0,137.0,131.0,0
97.0,91.0,77.0,65.0,60.0,58.0,57.0,59.0,63.0,72.0,81.0,90.0,95.0,96.0,98.0,101.0,105.0,111.0,120.0,128.0,134.0,138.0,137.0,140.0,145.0,153.0,164.0,172.0,178.0,181.0,0
113.0,114.0,114.0,113.0,113.0,114.0,115.0,118.0,122.0,125.0,126.0,128.0,129.0,130.0,131.0,134.0,135.0,135.0,133.0,131.0,130.0,128.0,126.0,121.0,118.0,118.0,122.0,132.0,138.0,140.0,0
189.0,189.0,187.0,185.0,182.0,181.0,183.0,186.0,192.0,197.0,196.0,192.0,185.0,177.0,170.0,163.0,154.0,142.0,128.0,121.0,118.0,120.0,123.0,126.0,128.0,129.0,130.0,132.0,133.0,133.0,0
181.0,176.0,168.0,160.0,150.0,141.0,130.0,120.0,115.0,112.0,111.0,112.0,113.0,115.0,116.0,113.0,109.0,107.0,105.0,103.0,100.0,99.0,99.0,104.0,112.0,126.0,135.0,137.0,136.0,132.0,0
88.0,80.0,64.0,56.0,50.0,47.0,51.0,57.0,64.0,70.0,76.0,84.0,101.0,121.0,128.0,129.0,121.0,112.0,106.0,103.0,110.0,122.0,138.0,147.0,159.0,167.0,174.0,183.0,190.0,184.0,0
185.0,186.0,187.0,186.0,188.0,191.0,188.0,188.0,188.0,187.0,188.0,193.0,196.0,197.0,195.0,191.0,188.0,189.0,191.0,191.0,190.0,185.0,179.0,176.0,192.0,213.0,223.0,230.0,226.0,218.0,0
203.0,210.0,215.0,217.0,218.0,218.0,220.0,226.0,227.0,226.0,226.0,221.0,212.0,205.0,201.0,202.0,207.0,212.0,215.0,215.0,209.0,209.0,214.0,221.0,225.0,227.0,225.0,224.0,222.0,220.0,0
161.0,151.0,142.0,123.0,110.0,100.0,91.0,83.0,77.0,73.0,70.0,67.0,68.0,73.0,79.0,87.0,93.0,95.0,97.0,101.0,100.0,101.0,87.0,78.0,75.0,71.0,69.0,70.0,69.0,74.0,0
166.0,151.0,146.0,149.0,133.0,123.0,117.0,115.0,119.0,125.0,128.0,129.0,127.0,124.0,121.0,123.0,135.0,147.0,157.0,160.0,156.0,145.0,134.0,128.0,125.0,123.0,120.0,123.0,128.0,138.0,0
117.0,117.0,120.0,122.0,121.0,126.0,125.0,121.0,119.0,106.0,90.0,83.0,79.0,81.0,80.0,87.0,92.0,94.0,98.0,102.0,107.0,111.0,117.0,123.0,131.0,141.0,149.0,153.0,156.0,158.0,0
114.0,112.0,113.0,113.0,111.0,110.0,112.0,115.0,119.0,124.0,131.0,138.0,146.0,152.0,154.0,149.0,138.0,136.0,135.0,136.0,126.0,114.0,95.0,75.0,66.0,63.0,63.0,74.0,76.0,78.0,0
187.0,186.0,179.0,164.0,147.0,132.0,111.0,95.0,87.0,83.0,82.0,83.0,86.0,87.0,86.0,87.0,88.0,91.0,92.0,144.5,141.5,137.5,107.0,110.0,115.0,118.0,118.0,114.0,111.0,110.0,0
105.0,101.0,97.0,95.0,97.0,102.0,115.0,123.0,127.0,126.0,117.0,108.0,114.0,118.0,124.0,130.0,136.0,142.0,147.0,153.0,157.0,161.0,167.0,173.0,179.0,183.0,186.0,190.0,194.0,197.0,0
173.0,173.0,172.0,173.0,165.0,161.0,159.0,154.0,148.0,145.0,144.0,144.0,147.0,146.0,144.0,144.0,143.0,140.0,139.0,136.0,135.0,134.0,134.0,134.0,136.0,136.0,137.0,138.0,138.0,139.0,0
133.0,127.0,117.0,108.0,101.0,98.0,98.0,99.0,100.0,98.0,97.0,98.0,104.0,107.0,109.0,111.0,112.0,113.0,116.0,120.0,123.0,127.0,127.0,125.0,125.0,128.0,134.0,141.0,151.0,162.0,0
134.0,133.0,131.0,132.0,131.0,132.0,134.0,139.0,144.0,151.0,155.0,155.0,157.0,163.0,165.0,165.0,166.0,167.0,172.0,177.0,180.0,184.0,187.0,186.0,183.0,183.0,182.0,181.0,184.0,192.0,0
245.0,248.0,247.0,243.0,238.0,233.0,237.0,250.0,262.0,267.0,268.0,266.0,262.0,260.0,260.0,262.0,267.0,274.0,279.0,278.0,274.0,268.0,263.0,262.0,264.0,269.0,273.0,277.0,270.0,261.0,0
371.0,368.0,362.0,354.0,346.0,327.0,275.0,267.0,268.0,254.0,244.0,240.0,242.0,241.0,243.0,243.0,238.0,231.0,225.0,218.0,214.0,213.0,214.0,214.0,218.0,210.0,195.0,203.0,207.0,208.0,0
208.0,205.0,203.0,198.0,195.0,190.0,185.0,182.0,182.0,182.0,179.0,178.0,178.0,177.0,177.0,176.0,174.0,171.0,170.0,170.0,172.0,172.0,172.0,172.0,171.0,173.0,175.0,177.0,178.0,181.0,0
195.0,200.0,201.0,199.0,198.0,201.0,206.0,217.0,232.0,235.0,232.0,228.0,228.0,228.0,229.0,230.0,228.0,228.0,229.0,232.0,237.0,241.0,245.0,247.0,250.0,257.0,261.0,268.0,277.0,271.0,0
148.0,150.0,151.0,154.0,157.0,158.0,157.0,159.0,160.0,161.0,161.0,160.0,158.0,159.0,162.0,165.0,167.0,166.0,164.0,165.0,173.0,183.0,192.0,200.0,206.0,211.0,193.0,185.0,181.0,173.0,0
143.0,135.0,128.0,129.0,133.0,135.0,139.0,145.0,152.0,161.0,168.0,174.0,179.0,180.0,179.0,180.0,185.0,193.0,199.0,205.0,212.0,223.0,229.0,235.0,239.0,240.0,241.0,230.0,219.0,208.0,0
232.0,232.0,228.0,234.0,242.0,250.0,262.0,279.0,288.0,296.0,304.0,312.0,316.0,319.0,320.0,321.0,322.0,324.0,322.0,323.0,316.0,312.0,309.0,308.0,303.0,301.0,296.0,290.0,290.0,293.0,0
182.0,181.0,205.0,228.0,236.0,240.0,245.0,248.0,253.0,256.0,259.0,263.0,265.0,269.0,275.0,282.0,292.0,299.0,304.0,306.0,308.0,310.0,312.0,316.0,320.0,324.0,326.0,321.0,323.0,323.0,0
291.0,290.0,286.0,273.0,276.0,287.0,298.0,306.0,308.0,289.0,273.0,291.0,308.0,315.0,317.0,320.0,316.0,323.0,340.0,334.0,329.0,326.0,323.0,319.0,314.0,308.0,305.0,303.0,299.0,292.0,0
382.0,388.0,400.0,400.0,400.0,400.0,400.0,400.0,400.0,400.0,400.0,400.0,400.0,400.0,400.0,400.0,400.0,400.0,400.0,400.0,400.0,400.0,400.0,400.0,400.0,400.0,400.0,400.0,400.0,400.0,0
136.0,138.0,138.0,135.0,138.0,143.0,148.0,155.0,159.0,161.0,161.0,160.0,160.0,162.0,166.0,170.0,171.0,171.0,170.0,167.0,166.0,165.0,166.0,168.0,168.0,162.0,151.0,148.0,152.0,160.0,0
111.0,102.0,98.0,95.0,93.0,93.0,94.0,96.0,99.0,101.0,104.0,108.0,112.0,114.0,113.0,111.0,105.0,102.0,105.0,107.0,106.0,99.0,89.0,77.0,73.0,76.0,81.0,85.0,89.0,90.0,0
251.0,246.0,248.0,253.0,261.0,269.0,278.0,285.0,291.0,293.0,297.0,311.0,322.0,329.0,331.0,331.0,325.0,324.0,323.0,325.0,322.0,317.0,333.0,301.0,281.0,267.0,250.0,216.0,208.0,186.0,0
203.0,197.0,196.0,201.0,208.0,213.0,215.0,218.0,221.0,223.0,223.0,220.0,210.0,216.0,216.0,215.0,214.0,215.0,214.0,217.0,221.0,228.0,235.0,247.0,252.0,230.0,225.0,233.0,236.0,235.0,0
166.0,167.0,170.0,173.0,174.0,173.0,165.0,158.0,165.0,173.0,176.0,176.0,177.0,188.0,188.0,183.0,179.0,182.0,185.0,191.0,193.0,194.0,194.0,195.0,195.0,195.0,195.0,196.0,198.0,201.0,0
343.0,343.0,348.0,353.0,360.0,367.0,373.0,379.0,383.0,383.0,383.0,379.0,380.0,379.0,376.0,374.0,374.0,375.0,370.0,372.0,368.0,361.0,355.0,347.0,340.0,330.0,319.0,310.0,302.0,294.0,0
196.0,197.0,201.0,195.0,190.0,185.0,178.0,174.0,180.0,186.0,194.0,208.0,231.0,242.0,249.0,247.0,246.0,242.0,238.0,229.0,219.0,214.0,210.0,203.0,198.0,184.0,175.0,168.0,160.0,154.0,0
131.0,112.0,103.0,97.0,100.0,100.0,109.0,118.0,126.0,134.0,140.0,144.0,147.0,155.0,158.0,167.0,172.0,176.0,181.0,184.0,186.0,188.0,188.0,188.0,189.0,190.0,192.0,195.0,191.0,186.0,0
126.0,124.0,128.0,135.0,143.0,155.0,175.0,184.0,191.0,203.0,208.0,208.0,211.0,216.0,228.0,238.0,242.0,242.0,242.0,248.0,250.0,250.0,246.0,241.0,239.0,240.0,242.0,245.0,247.0,248.0,0
225.0,225.0,229.0,232.0,236.0,250.0,260.0,265.0,264.0,263.0,275.0,290.0,295.0,301.0,307.0,312.0,315.0,307.0,309.0,318.0,321.0,328.0,326.0,335.0,352.0,352.0,354.0,359.0,362.0,361.0,0
142.0,147.0,151.0,148.0,158.0,175.0,181.0,182.0,181.0,185.0,191.0,197.0,201.0,202.0,200.0,193.0,178.0,173.0,170.0,169.0,172.0,170.0,166.0,167.0,172.0,176.0,180.0,183.0,184.0,184.0,0
229.0,233.0,243.0,249.0,243.0,233.0,226.0,223.0,225.0,226.0,221.0,217.0,209.0,206.0,214.0,218.0,222.0,221.0,214.0,212.0,217.0,220.0,222.0,222.0,218.0,214.0,209.0,207.0,208.0,213.0,0
161.0,148.0,134.0,128.0,123.0,118.0,112.0,98.0,89.0,87.0,80.0,78.0,82.0,81.0,97.0,106.0,109.0,110.0,116.0,124.0,130.0,134.0,135.0,122.0,118.0,120.0,125.0,131.0,134.0,131.0,0
88.0,83.0,82.0,82.0,84.0,87.0,91.0,96.0,104.0,107.0,104.0,108.0,109.0,111.0,115.0,120.0,123.0,123.0,127.0,130.0,132.0,133.0,136.0,138.0,140.0,142.0,145.0,149.0,151.0,154.0,0
94.0,96.0,99.0,103.0,107.0,110.0,110.0,109.0,110.0,114.0,117.0,120.0,121.0,122.0,123.0,125.0,128.0,130.0,132.0,129.0,127.0,133.0,139.0,154.0,156.0,159.0,162.0,164.0,161.0,153.0,0
164.0,166.0,170.0,173.0,175.0,177.0,178.0,182.0,192.0,202.0,208.0,211.0,210.0,207.0,206.0,203.0,199.0,198.0,197.0,201.0,204.0,198.0,194.0,188.0,180.0,167.0,155.0,145.0,136.0,111.0,0
102.0,112.0,118.0,120.0,119.0,123.0,125.0,121.0,121.0,120.0,123.0,133.0,147.0,164.0,166.0,163.0,156.0,152.0,156.0,160.0,162.0,167.0,170.0,172.0,174.0,176.0,179.0,186.0,179.0,173.0,0
260.0,265.0,272.0,279.0,284.0,289.0,293.0,300.0,308.0,317.0,327.0,336.0,340.0,347.0,346.0,339.0,324.0,319.0,318.0,325.0,330.0,337.0,339.0,339.0,342.0,343.0,346.0,342.0,339.0,337.0,0
213.5,215.5,400.0,400.0,231.0,238.0,231.0,400.0,400.0,400.0,400.0,400.0,400.0,248.5,248.0,245.5,235.0,224.5,400.0,400.0,397.0,387.0,378.0,368.0,361.0,353.0,344.0,335.0,324.0,326.0,0
167.0,166.0,168.0,168.0,178.0,187.0,169.0,164.0,167.0,163.0,160.0,157.0,155.0,150.0,150.0,152.0,146.0,130.0,132.0,139.0,140.0,139.0,138.0,139.0,140.0,144.0,154.0,158.0,159.0,160.0,0
96.0,98.0,99.0,94.0,96.0,97.0,92.0,88.0,89.0,92.0,95.0,97.0,99.0,102.0,105.0,109.0,112.0,115.0,120.0,106.0,103.0,104.0,102.0,108.0,120.0,127.0,129.0,141.0,148.0,191.0,0
149.0,165.0,170.0,171.0,173.0,176.0,179.0,181.0,185.0,185.0,182.0,182.0,167.0,164.0,148.0,131.0,120.0,109.0,97.0,89.0,84.0,82.0,86.0,97.0,103.0,111.0,119.0,131.0,136.0,140.0,0
81.0,91.0,100.0,108.0,117.0,127.0,135.0,142.0,147.0,158.0,168.0,175.0,182.0,180.0,175.0,169.0,159.0,132.0,123.0,126.0,121.0,114.0,89.0,81.0,135.0,127.0,126.5,131.0,125.0,136.0,0
139.0,147.0,152.0,150.0,145.0,147.0,151.0,156.0,165.0,176.0,196.0,207.0,217.0,228.0,238.0,243.0,237.0,225.0,216.0,211.0,208.0,203.0,186.0,176.0,167.0,143.0,134.0,131.0,135.0,139.0,0
219.0,215.0,210.0,204.0,199.0,196.0,195.0,194.0,195.0,192.0,185.0,183.0,190.0,201.0,207.0,208.0,207.0,204.0,200.0,195.0,189.0,182.0,176.0,168.0,160.0,150.0,137.0,126.0,118.0,114.0,0
188.0,184.0,182.0,186.0,197.0,207.0,210.0,212.0,217.0,222.0,221.0,219.0,215.0,207.0,201.0,195.0,195.0,201.0,214.0,219.0,218.0,225.0,231.0,234.0,236.0,235.0,235.0,235.0,235.0,234.0,0
191.0,172.0,149.0,128.0,119.0,114.0,127.0,134.0,137.0,149.0,158.0,166.0,168.0,173.0,164.0,154.0,143.0,113.0,101.0,93.0,93.0,97.0,105.0,115.0,123.0,128.0,134.0,139.0,144.0,146.0,0
260.0,260.0,260.0,260.0,261.0,261.0,262.0,264.0,266.0,268.0,270.0,272.0,274.0,275.0,274.0,273.0,272.0,269.0,269.0,269.0,273.0,278.0,277.0,274.0,268.0,262.0,260.0,258.0,253.0,246.0,0
196.0,203.0,202.0,198.0,194.0,186.0,179.0,163.0,154.0,147.0,138.0,129.0,118.0,108.0,100.0,97.0,95.0,87.0,87.0,84.0,95.0,104.0,112.0,121.0,131.0,147.0,160.0,171.0,180.0,188.0,0
180.0,184.0,186.0,188.0,189.0,190.0,191.0,192.0,197.0,203.0,210.0,214.0,213.0,212.0,217.0,223.0,232.0,241.0,248.0,252.0,257.0,261.0,265.0,270.0,268.0,264.0,259.0,257.0,256.0,245.0,0
287.0,278.0,264.0,251.0,231.0,226.0,226.0,222.0,222.0,219.0,214.0,207.0,197.0,191.0,186.0,183.0,171.0,161.0,150.0,137.0,120.0,104.0,89.0,81.0,76.0,78.0,82.0,87.0,94.0,100.0,0
232.0,222.0,220.0,223.0,218.0,210.0,202.0,193.0,181.0,170.0,164.0,161.0,158.0,155.0,149.0,146.0,146.0,147.0,146.0,140.0,136.0,133.0,132.0,129.0,126.0,117.0,107.0,101.0,98.0,99.0,0
239.0,241.0,248.0,253.0,250.0,247.0,239.0,226.0,212.0,204.0,199.0,196.0,197.0,203.0,212.0,220.0,223.0,219.0,214.0,204.0,204.0,217.0,229.0,237.0,239.0,224.0,215.0,211.0,208.0,210.0,0
274.0,271.0,266.0,258.0,251.0,234.0,226.0,223.0,214.0,211.0,209.0,209.0,209.0,212.0,219.0,219.0,215.0,205.0,174.0,168.0,174.0,178.0,182.0,177.0,172.0,167.0,161.0,155.0,154.0,142.0,0
261.5,258.5,256.5,254.5,252.0,244.0,240.0,237.0,231.0,227.5,110.0,111.0,113.0,123.0,127.0,130.0,134.0,135.0,137.0,140.0,142.0,134.0,137.0,138.0,139.0,139.0,140.0,140.0,140.0,141.0,0
249.0,246.0,247.0,251.0,253.0,254.0,254.0,251.0,248.0,244.0,225.0,219.0,219.0,217.0,218.0,215.0,219.0,216.0,212.0,207.0,199.0,189.0,178.0,167.0,156.0,143.0,134.0,125.0,113.0,100.0,0
248.0,253.0,259.0,266.0,279.0,287.0,292.0,296.0,298.0,292.0,288.0,288.0,290.0,290.0,294.0,289.0,282.0,276.0,270.0,263.0,260.0,258.0,254.0,242.0,232.0,226.0,223.0,224.0,227.0,232.0,0
